UID;ID_Base;Categoría;Modelo Principal;Modelo;Submodelo;ctx_precio;precio_num;precio_lista_num;bono_num;Precio_Texto;fuente_texto_raw;Modelo_URL;Archivo_Origen;Fecha;Timestamp;texto_base_tipo;Tipo_Vehiculo;estado
;;Nissan;NEW X-TRAIL ;SENSE CVT 2ROW;2R;;26.290.000;27.090.000;800.000;;;;;01-01-2025;;;SUV;
;;Nissan;NEW X-TRAIL ;SENSE CVT 2ROW;2R;;26.390.000;27.190.000;800.000;;;;;01-02-2025;;;SUV;
;;Nissan;NEW X-TRAIL ;SENSE CVT 2ROW;2R;;26.490.000;27.290.000;800.000;;;;;01-03-2025;;;SUV;
;;Nissan;NEW X-TRAIL ;SENSE CVT 2ROW;2R;;26.590.000;27.390.000;800.000;;;;;01-04-2025;;;SUV;
;;Nissan;NEW X-TRAIL ;SENSE CVT 2ROW;2R;;26.690.000;27.490.000;800.000;;;;;01-05-2025;;;SUV;
;;Nissan;NEW X-TRAIL ;SENSE CVT 2ROW;2R;;26.790.000;27.590.000;800.000;;;;;01-06-2025;;;SUV;
;;Nissan;NEW X-TRAIL ;SENSE CVT 2ROW;2R;;26.890.000;27.690.000;800.000;;;;;01-07-2025;;;SUV;
;;Nissan;NEW X-TRAIL ;SENSE CVT 2ROW;2R;;26.790.000;27.590.000;800.000;;;;;01-08-2025;;;SUV;
;;Nissan;NEW X-TRAIL ;SENSE CVT 2ROW;2R;;26.690.000;27.490.000;800.000;;;;;01-09-2025;;;SUV;
;;Nissan;NEW X-TRAIL ;SENSE CVT 2ROW;2R;;26.490.000;27.290.000;800.000;;;;;01-10-2025;;;SUV;
;;Nissan;NEW X-TRAIL ;SENSE CVT 2ROW;2R;;26.290.000;27.090.000;800.000;;;;;01-11-2025;;;SUV;
;;Nissan;NEW X-TRAIL ;SENSE CVT 2ROW;2R;;26.090.000;26.890.000;800.000;;;;;01-12-2025;;;SUV;
;;Nissan;NEW X-TRAIL ;SENSE CVT 2ROW;2R;;25.990.000;26.790.000;800.000;;;;;01-01-2026;;;SUV;
;;Nissan;NEW X-TRAIL ;SENSE CVT 2ROW;2R;;25.890.000;26.690.000;800.000;;;;;01-02-2026;;;SUV;
;;Nissan;NEW X-TRAIL ;SENSE CVT 3ROW;3R;;26.990.000;27.790.000;800.000;;;;;01-01-2025;;;SUV;
;;Nissan;NEW X-TRAIL ;SENSE CVT 3ROW;3R;;27.090.000;27.890.000;800.000;;;;;01-02-2025;;;SUV;
;;Nissan;NEW X-TRAIL ;SENSE CVT 3ROW;3R;;27.190.000;27.990.000;800.000;;;;;01-03-2025;;;SUV;
;;Nissan;NEW X-TRAIL ;SENSE CVT 3ROW;3R;;27.290.000;28.090.000;800.000;;;;;01-04-2025;;;SUV;
;;Nissan;NEW X-TRAIL ;SENSE CVT 3ROW;3R;;27.390.000;28.190.000;800.000;;;;;01-05-2025;;;SUV;
;;Nissan;NEW X-TRAIL ;SENSE CVT 3ROW;3R;;27.490.000;28.290.000;800.000;;;;;01-06-2025;;;SUV;
;;Nissan;NEW X-TRAIL ;SENSE CVT 3ROW;3R;;27.590.000;28.390.000;800.000;;;;;01-07-2025;;;SUV;
;;Nissan;NEW X-TRAIL ;SENSE CVT 3ROW;3R;;27.490.000;28.290.000;800.000;;;;;01-08-2025;;;SUV;
;;Nissan;NEW X-TRAIL ;SENSE CVT 3ROW;3R;;27.390.000;28.190.000;800.000;;;;;01-09-2025;;;SUV;
;;Nissan;NEW X-TRAIL ;SENSE CVT 3ROW;3R;;27.190.000;27.990.000;800.000;;;;;01-10-2025;;;SUV;
;;Nissan;NEW X-TRAIL ;SENSE CVT 3ROW;3R;;26.990.000;27.790.000;800.000;;;;;01-11-2025;;;SUV;
;;Nissan;NEW X-TRAIL ;SENSE CVT 3ROW;3R;;26.790.000;27.590.000;800.000;;;;;01-12-2025;;;SUV;
;;Nissan;NEW X-TRAIL ;SENSE CVT 3ROW;3R;;26.690.000;27.490.000;800.000;;;;;01-01-2026;;;SUV;
;;Nissan;NEW X-TRAIL ;SENSE CVT 3ROW;3R;;26.590.000;27.390.000;800.000;;;;;01-02-2026;;;SUV;
;;Nissan;NEW X-TRAIL ;ADVANCE CVT 3ROW;3R;;29.790.000;30.590.000;800.000;;;;;01-01-2025;;;SUV;
;;Nissan;NEW X-TRAIL ;ADVANCE CVT 3ROW;3R;;29.890.000;30.690.000;800.000;;;;;01-02-2025;;;SUV;
;;Nissan;NEW X-TRAIL ;ADVANCE CVT 3ROW;3R;;29.990.000;30.790.000;800.000;;;;;01-03-2025;;;SUV;
;;Nissan;NEW X-TRAIL ;ADVANCE CVT 3ROW;3R;;30.090.000;30.890.000;800.000;;;;;01-04-2025;;;SUV;
;;Nissan;NEW X-TRAIL ;ADVANCE CVT 3ROW;3R;;30.190.000;30.990.000;800.000;;;;;01-05-2025;;;SUV;
;;Nissan;NEW X-TRAIL ;ADVANCE CVT 3ROW;3R;;30.290.000;31.090.000;800.000;;;;;01-06-2025;;;SUV;
;;Nissan;NEW X-TRAIL ;ADVANCE CVT 3ROW;3R;;30.390.000;31.190.000;800.000;;;;;01-07-2025;;;SUV;
;;Nissan;NEW X-TRAIL ;ADVANCE CVT 3ROW;3R;;30.290.000;31.090.000;800.000;;;;;01-08-2025;;;SUV;
;;Nissan;NEW X-TRAIL ;ADVANCE CVT 3ROW;3R;;30.190.000;30.990.000;800.000;;;;;01-09-2025;;;SUV;
;;Nissan;NEW X-TRAIL ;ADVANCE CVT 3ROW;3R;;29.990.000;30.790.000;800.000;;;;;01-10-2025;;;SUV;
;;Nissan;NEW X-TRAIL ;ADVANCE CVT 3ROW;3R;;29.790.000;30.590.000;800.000;;;;;01-11-2025;;;SUV;
;;Nissan;NEW X-TRAIL ;ADVANCE CVT 3ROW;3R;;29.590.000;30.390.000;800.000;;;;;01-12-2025;;;SUV;
;;Nissan;NEW X-TRAIL ;ADVANCE CVT 3ROW;3R;;29.490.000;30.290.000;800.000;;;;;01-01-2026;;;SUV;
;;Nissan;NEW X-TRAIL ;ADVANCE CVT 3ROW;3R;;29.390.000;30.190.000;800.000;;;;;01-02-2026;;;SUV;
;;Nissan;NEW X-TRAIL ;EXCLUSIVE CVT 3ROW AWD;3R AWD;;32.790.000;32.790.000;0;;;;;01-01-2025;;;SUV;
;;Nissan;NEW X-TRAIL ;EXCLUSIVE CVT 3ROW AWD;3R AWD;;32.890.000;32.890.000;0;;;;;01-02-2025;;;SUV;
;;Nissan;NEW X-TRAIL ;EXCLUSIVE CVT 3ROW AWD;3R AWD;;32.990.000;32.990.000;0;;;;;01-03-2025;;;SUV;
;;Nissan;NEW X-TRAIL ;EXCLUSIVE CVT 3ROW AWD;3R AWD;;33.090.000;33.090.000;0;;;;;01-04-2025;;;SUV;
;;Nissan;NEW X-TRAIL ;EXCLUSIVE CVT 3ROW AWD;3R AWD;;33.190.000;33.190.000;0;;;;;01-05-2025;;;SUV;
;;Nissan;NEW X-TRAIL ;EXCLUSIVE CVT 3ROW AWD;3R AWD;;33.290.000;33.290.000;0;;;;;01-06-2025;;;SUV;
;;Nissan;NEW X-TRAIL ;EXCLUSIVE CVT 3ROW AWD;3R AWD;;33.390.000;33.390.000;0;;;;;01-07-2025;;;SUV;
;;Nissan;NEW X-TRAIL ;EXCLUSIVE CVT 3ROW AWD;3R AWD;;33.290.000;33.290.000;0;;;;;01-08-2025;;;SUV;
;;Nissan;NEW X-TRAIL ;EXCLUSIVE CVT 3ROW AWD;3R AWD;;33.190.000;33.190.000;0;;;;;01-09-2025;;;SUV;
;;Nissan;NEW X-TRAIL ;EXCLUSIVE CVT 3ROW AWD;3R AWD;;32.990.000;32.990.000;0;;;;;01-10-2025;;;SUV;
;;Nissan;NEW X-TRAIL ;EXCLUSIVE CVT 3ROW AWD;3R AWD;;32.790.000;32.790.000;0;;;;;01-11-2025;;;SUV;
;;Nissan;NEW X-TRAIL ;EXCLUSIVE CVT 3ROW AWD;3R AWD;;32.590.000;32.590.000;0;;;;;01-12-2025;;;SUV;
;;Nissan;NEW X-TRAIL ;EXCLUSIVE CVT 3ROW AWD;3R AWD;;32.490.000;32.490.000;0;;;;;01-01-2026;;;SUV;
;;Nissan;NEW X-TRAIL ;EXCLUSIVE CVT 3ROW AWD;3R AWD;;32.390.000;32.390.000;0;;;;;01-02-2026;;;SUV;
;;Ford;EXPLORER;ACTIVE 2.3L 4x2;4X2;;38.690.000;43.690.000;5.000.000;;;;;01-01-2025;;;;
;;Ford;EXPLORER;ACTIVE 2.3L 4x2;4X2;;38.790.000;43.790.000;5.000.000;;;;;01-02-2025;;;;
;;Ford;EXPLORER;ACTIVE 2.3L 4x2;4X2;;38.890.000;43.890.000;5.000.000;;;;;01-03-2025;;;;
;;Ford;EXPLORER;ACTIVE 2.3L 4x2;4X2;;38.990.000;43.990.000;5.000.000;;;;;01-04-2025;;;;
;;Ford;EXPLORER;ACTIVE 2.3L 4x2;4X2;;39.090.000;44.090.000;5.000.000;;;;;01-05-2025;;;;
;;Ford;EXPLORER;ACTIVE 2.3L 4x2;4X2;;39.190.000;44.190.000;5.000.000;;;;;01-06-2025;;;;
;;Ford;EXPLORER;ACTIVE 2.3L 4x2;4X2;;39.290.000;44.290.000;5.000.000;;;;;01-07-2025;;;;
;;Ford;EXPLORER;ACTIVE 2.3L 4x2;4X2;;39.190.000;44.190.000;5.000.000;;;;;01-08-2025;;;;
;;Ford;EXPLORER;ACTIVE 2.3L 4x2;4X2;;39.090.000;44.090.000;5.000.000;;;;;01-09-2025;;;;
;;Ford;EXPLORER;ACTIVE 2.3L 4x2;4X2;;38.890.000;43.890.000;5.000.000;;;;;01-10-2025;;;;
;;Ford;EXPLORER;ACTIVE 2.3L 4x2;4X2;;38.690.000;43.690.000;5.000.000;;;;;01-11-2025;;;;
;;Ford;EXPLORER;ACTIVE 2.3L 4x2;4X2;;38.390.000;43.390.000;5.000.000;;;;;01-12-2025;;;;
;;Ford;EXPLORER;ACTIVE 2.3L 4x2;4X2;;38.190.000;43.190.000;5.000.000;;;;;01-01-2026;;;;
;;Ford;EXPLORER;ACTIVE 2.3L 4x2;4X2;;37.990.000;42.990.000;5.000.000;;;;;01-02-2026;;;;
;;Ford;EXPLORER;ACTIVE 2.3L 4x4;4X4;;46.590.000;49.190.000;2.600.000;;;;;01-01-2025;;;;
;;Ford;EXPLORER;ACTIVE 2.3L 4x4;4x4;;46.690.000;49.290.000;2.600.000;;;;;01-02-2025;;;;
;;Ford;EXPLORER;ACTIVE 2.3L 4x4;4X4;;46.790.000;49.390.000;2.600.000;;;;;01-03-2025;;;;
;;Ford;EXPLORER;ACTIVE 2.3L 4x4;4X4;;46.890.000;49.490.000;2.600.000;;;;;01-04-2025;;;;
;;Ford;EXPLORER;ACTIVE 2.3L 4x4;4X4;;46.990.000;49.590.000;2.600.000;;;;;01-05-2025;;;;
;;Ford;EXPLORER;ACTIVE 2.3L 4x4;4X4;;47.090.000;49.690.000;2.600.000;;;;;01-06-2025;;;;
;;Ford;EXPLORER;ACTIVE 2.3L 4x4;4X4;;47.190.000;49.790.000;2.600.000;;;;;01-07-2025;;;;
;;Ford;EXPLORER;ACTIVE 2.3L 4x4;4X4;;47.090.000;49.690.000;2.600.000;;;;;01-08-2025;;;;
;;Ford;EXPLORER;ACTIVE 2.3L 4x4;4X4;;46.990.000;49.590.000;2.600.000;;;;;01-09-2025;;;;
;;Ford;EXPLORER;ACTIVE 2.3L 4x4;4X4;;46.790.000;49.390.000;2.600.000;;;;;01-10-2025;;;;
;;Ford;EXPLORER;ACTIVE 2.3L 4x4;4X4;;46.590.000;49.190.000;2.600.000;;;;;01-11-2025;;;;
;;Ford;EXPLORER;ACTIVE 2.3L 4x4;4X4;;46.290.000;48.890.000;2.600.000;;;;;01-12-2025;;;;
;;Ford;EXPLORER;ACTIVE 2.3L 4x4;4X4;;46.090.000;48.690.000;2.600.000;;;;;01-01-2026;;;;
;;Ford;EXPLORER;ACTIVE 2.3L 4x4;4X4;;45.890.000;48.490.000;2.600.000;;;;;01-02-2026;;;;
;;Ford;EXPLORER;PLATINUM 2.3L;ECOBOOST;;50.390.000;54.190.000;3.800.000;;;;;01-01-2025;;;;
;;Ford;EXPLORER;PLATINUM 2.3L;ECOBOOST;;50.490.000;54.290.000;3.800.000;;;;;01-02-2025;;;;
;;Ford;EXPLORER;PLATINUM 2.3L;ECOBOOST;;50.590.000;54.390.000;3.800.000;;;;;01-03-2025;;;;
;;Ford;EXPLORER;PLATINUM 2.3L;ECOBOOST;;50.690.000;54.490.000;3.800.000;;;;;01-04-2025;;;;
;;Ford;EXPLORER;PLATINUM 2.3L;ECOBOOST;;50.790.000;54.590.000;3.800.000;;;;;01-05-2025;;;;
;;Ford;EXPLORER;PLATINUM 2.3L;ECOBOOST;;50.890.000;54.690.000;3.800.000;;;;;01-06-2025;;;;
;;Ford;EXPLORER;PLATINUM 2.3L;ECOBOOST;;50.990.000;54.790.000;3.800.000;;;;;01-07-2025;;;;
;;Ford;EXPLORER;PLATINUM 2.3L;ECOBOOST;;50.890.000;54.690.000;3.800.000;;;;;01-08-2025;;;;
;;Ford;EXPLORER;PLATINUM 2.3L;ECOBOOST;;50.790.000;54.590.000;3.800.000;;;;;01-09-2025;;;;
;;Ford;EXPLORER;PLATINUM 2.3L;ECOBOOST;;50.590.000;54.390.000;3.800.000;;;;;01-10-2025;;;;
;;Ford;EXPLORER;PLATINUM 2.3L;ECOBOOST;;50.390.000;54.190.000;3.800.000;;;;;01-11-2025;;;;
;;Ford;EXPLORER;PLATINUM 2.3L;ECOBOOST;;50.090.000;53.890.000;3.800.000;;;;;01-12-2025;;;;
;;Ford;EXPLORER;PLATINUM 2.3L;ECOBOOST;;49.890.000;53.690.000;3.800.000;;;;;01-01-2026;;;;
;;Ford;EXPLORER;PLATINUM 2.3L;ECOBOOST;;49.690.000;53.490.000;3.800.000;;;;;01-02-2026;;;;
;;Peugeot;5008 MHEV;ALLURE 136 HP AT;ALLURE;;28.990.000;29.990.000;1.000.000;;;;;01-01-2025;;;;
;;Peugeot;5008 MHEV;ALLURE 136 HP AT;ALLURE;;29.090.000;30.090.000;1.000.000;;;;;01-02-2025;;;;
;;Peugeot;5008 MHEV;ALLURE 136 HP AT;ALLURE;;29.190.000;30.190.000;1.000.000;;;;;01-03-2025;;;;
;;Peugeot;5008 MHEV;ALLURE 136 HP AT;ALLURE;;29.290.000;30.290.000;1.000.000;;;;;01-04-2025;;;;
;;Peugeot;5008 MHEV;ALLURE 136 HP AT;ALLURE;;29.390.000;30.390.000;1.000.000;;;;;01-05-2025;;;;
;;Peugeot;5008 MHEV;ALLURE 136 HP AT;ALLURE;;29.490.000;30.490.000;1.000.000;;;;;01-06-2025;;;;
;;Peugeot;5008 MHEV;ALLURE 136 HP AT;ALLURE;;29.590.000;30.590.000;1.000.000;;;;;01-07-2025;;;;
;;Peugeot;5008 MHEV;ALLURE 136 HP AT;ALLURE;;29.490.000;30.490.000;1.000.000;;;;;01-08-2025;;;;
;;Peugeot;5008 MHEV;ALLURE 136 HP AT;ALLURE;;29.390.000;30.390.000;1.000.000;;;;;01-09-2025;;;;
;;Peugeot;5008 MHEV;ALLURE 136 HP AT;ALLURE;;29.190.000;30.190.000;1.000.000;;;;;01-10-2025;;;;
;;Peugeot;5008 MHEV;ALLURE 136 HP AT;ALLURE;;28.990.000;29.990.000;1.000.000;;;;;01-11-2025;;;;
;;Peugeot;5008 MHEV;ALLURE 136 HP AT;ALLURE;;28.790.000;29.790.000;1.000.000;;;;;01-12-2025;;;;
;;Peugeot;5008 MHEV;ALLURE 136 HP AT;ALLURE;;28.590.000;29.590.000;1.000.000;;;;;01-01-2026;;;;
;;Peugeot;5008 MHEV;ALLURE 136 HP AT;ALLURE;;28.490.000;29.490.000;1.000.000;;;;;01-02-2026;;;;
;;Peugeot;5008 MHEV;GT 136 HP AT;GT;;35.490.000;36.490.000;1.000.000;;;;;01-01-2025;;;;
;;Peugeot;5008 MHEV;GT 136 HP AT;GT;;35.590.000;36.590.000;1.000.000;;;;;01-02-2025;;;;
;;Peugeot;5008 MHEV;GT 136 HP AT;GT;;35.690.000;36.690.000;1.000.000;;;;;01-03-2025;;;;
;;Peugeot;5008 MHEV;GT 136 HP AT;GT;;35.790.000;36.790.000;1.000.000;;;;;01-04-2025;;;;
;;Peugeot;5008 MHEV;GT 136 HP AT;GT;;35.890.000;36.890.000;1.000.000;;;;;01-05-2025;;;;
;;Peugeot;5008 MHEV;GT 136 HP AT;GT;;35.990.000;36.990.000;1.000.000;;;;;01-06-2025;;;;
;;Peugeot;5008 MHEV;GT 136 HP AT;GT;;36.090.000;37.090.000;1.000.000;;;;;01-07-2025;;;;
;;Peugeot;5008 MHEV;GT 136 HP AT;GT;;35.990.000;36.990.000;1.000.000;;;;;01-08-2025;;;;
;;Peugeot;5008 MHEV;GT 136 HP AT;GT;;35.890.000;36.890.000;1.000.000;;;;;01-09-2025;;;;
;;Peugeot;5008 MHEV;GT 136 HP AT;GT;;35.690.000;36.690.000;1.000.000;;;;;01-10-2025;;;;
;;Peugeot;5008 MHEV;GT 136 HP AT;GT;;35.490.000;36.490.000;1.000.000;;;;;01-11-2025;;;;
;;Peugeot;5008 MHEV;GT 136 HP AT;GT;;35.290.000;36.290.000;1.000.000;;;;;01-12-2025;;;;
;;Peugeot;5008 MHEV;GT 136 HP AT;GT;;35.090.000;36.090.000;1.000.000;;;;;01-01-2026;;;;
;;Peugeot;5008 MHEV;GT 136 HP AT;GT;;34.990.000;35.990.000;1.000.000;;;;;01-02-2026;;;;
;;Ssangyong;REXTON;GLX 2.2TD 8AT 4x2;4x2;;35.290.000;36.790.000;1.500.000;;;;;01-01-2025;;;;
;;Ssangyong;REXTON;GLX 2.2TD 8AT 4x2;4x2;;35.190.000;36.690.000;1.500.000;;;;;01-02-2025;;;;
;;Ssangyong;REXTON;GLX 2.2TD 8AT 4x2;4x2;;35.090.000;36.590.000;1.500.000;;;;;01-03-2025;;;;
;;Ssangyong;REXTON;GLX 2.2TD 8AT 4x2;4x2;;34.990.000;36.490.000;1.500.000;;;;;01-04-2025;;;;
;;Ssangyong;REXTON;GLX 2.2TD 8AT 4x2;4x2;;34.890.000;36.390.000;1.500.000;;;;;01-05-2025;;;;
;;Ssangyong;REXTON;GLX 2.2TD 8AT 4x2;4x2;;34.790.000;36.290.000;1.500.000;;;;;01-06-2025;;;;
;;Ssangyong;REXTON;GLX 2.2TD 8AT 4x2;4x2;;34.690.000;36.190.000;1.500.000;;;;;01-07-2025;;;;
;;Ssangyong;REXTON;GLX 2.2TD 8AT 4x2;4x2;;34.590.000;36.090.000;1.500.000;;;;;01-08-2025;;;;
;;Ssangyong;REXTON;GLX 2.2TD 8AT 4x2;4x2;;34.490.000;35.990.000;1.500.000;;;;;01-09-2025;;;;
;;Ssangyong;REXTON;GLX 2.2TD 8AT 4x2;4x2;;34.390.000;35.890.000;1.500.000;;;;;01-10-2025;;;;
;;Ssangyong;REXTON;GLX 2.2TD 8AT 4x2;4x2;;34.290.000;35.790.000;1.500.000;;;;;01-11-2025;;;;
;;Ssangyong;REXTON;GLX 2.2TD 8AT 4x2;4x2;;34.190.000;35.690.000;1.500.000;;;;;01-12-2025;;;;
;;Ssangyong;REXTON;GLX 2.2TD 8AT 4x2;4x2;;34.190.000;35.690.000;1.500.000;;;;;01-01-2026;;;;
;;Ssangyong;REXTON;GLX 2.2TD 8AT 4x2;4x2;;34.190.000;35.690.000;1.500.000;;;;;01-02-2026;;;;
;;Ssangyong;REXTON;GLX 2.2TD 8AT 4x4;4x4;;37.290.000;38.790.000;1.500.000;;;;;01-01-2025;;;;
;;Ssangyong;REXTON;GLX 2.2TD 8AT 4x4;4x4;;37.190.000;38.690.000;1.500.000;;;;;01-02-2025;;;;
;;Ssangyong;REXTON;GLX 2.2TD 8AT 4x4;4x4;;37.090.000;38.590.000;1.500.000;;;;;01-03-2025;;;;
;;Ssangyong;REXTON;GLX 2.2TD 8AT 4x4;4x4;;36.990.000;38.490.000;1.500.000;;;;;01-04-2025;;;;
;;Ssangyong;REXTON;GLX 2.2TD 8AT 4x4;4x4;;36.890.000;38.390.000;1.500.000;;;;;01-05-2025;;;;
;;Ssangyong;REXTON;GLX 2.2TD 8AT 4x4;4x4;;36.790.000;38.290.000;1.500.000;;;;;01-06-2025;;;;
;;Ssangyong;REXTON;GLX 2.2TD 8AT 4x4;4x4;;36.690.000;38.190.000;1.500.000;;;;;01-07-2025;;;;
;;Ssangyong;REXTON;GLX 2.2TD 8AT 4x4;4x4;;36.590.000;38.090.000;1.500.000;;;;;01-08-2025;;;;
;;Ssangyong;REXTON;GLX 2.2TD 8AT 4x4;4x4;;36.490.000;37.990.000;1.500.000;;;;;01-09-2025;;;;
;;Ssangyong;REXTON;GLX 2.2TD 8AT 4x4;4x4;;36.390.000;37.890.000;1.500.000;;;;;01-10-2025;;;;
;;Ssangyong;REXTON;GLX 2.2TD 8AT 4x4;4x4;;36.290.000;37.790.000;1.500.000;;;;;01-11-2025;;;;
;;Ssangyong;REXTON;GLX 2.2TD 8AT 4x4;4x4;;36.190.000;37.690.000;1.500.000;;;;;01-12-2025;;;;
;;Ssangyong;REXTON;GLX 2.2TD 8AT 4x4;4x4;;36.190.000;37.690.000;1.500.000;;;;;01-01-2026;;;;
;;Ssangyong;REXTON;GLX 2.2TD 8AT 4x4;4x4;;36.190.000;37.690.000;1.500.000;;;;;01-02-2026;;;;
;;Ssangyong;REXTON;2.2 AT 4x4 FULL DIESEL SA;FULL DIESEL;;41.790.000;43.290.000;1.500.000;;;;;01-01-2025;;;;
;;Ssangyong;REXTON;2.2 AT 4x4 FULL DIESEL SA;FULL DIESEL;;41.690.000;43.190.000;1.500.000;;;;;01-02-2025;;;;
;;Ssangyong;REXTON;2.2 AT 4x4 FULL DIESEL SA;FULL DIESEL;;41.590.000;43.090.000;1.500.000;;;;;01-03-2025;;;;
;;Ssangyong;REXTON;2.2 AT 4x4 FULL DIESEL SA;FULL DIESEL;;41.490.000;42.990.000;1.500.000;;;;;01-04-2025;;;;
;;Ssangyong;REXTON;2.2 AT 4x4 FULL DIESEL SA;FULL DIESEL;;41.390.000;42.890.000;1.500.000;;;;;01-05-2025;;;;
;;Ssangyong;REXTON;2.2 AT 4x4 FULL DIESEL SA;FULL DIESEL;;41.290.000;42.790.000;1.500.000;;;;;01-06-2025;;;;
;;Ssangyong;REXTON;2.2 AT 4x4 FULL DIESEL SA;FULL DIESEL;;41.190.000;42.690.000;1.500.000;;;;;01-07-2025;;;;
;;Ssangyong;REXTON;2.2 AT 4x4 FULL DIESEL SA;FULL DIESEL;;41.090.000;42.590.000;1.500.000;;;;;01-08-2025;;;;
;;Ssangyong;REXTON;2.2 AT 4x4 FULL DIESEL SA;FULL DIESEL;;40.990.000;42.490.000;1.500.000;;;;;01-09-2025;;;;
;;Ssangyong;REXTON;2.2 AT 4x4 FULL DIESEL SA;FULL DIESEL;;40.890.000;42.390.000;1.500.000;;;;;01-10-2025;;;;
;;Ssangyong;REXTON;2.2 AT 4x4 FULL DIESEL SA;FULL DIESEL;;40.790.000;42.290.000;1.500.000;;;;;01-11-2025;;;;
;;Ssangyong;REXTON;2.2 AT 4x4 FULL DIESEL SA;FULL DIESEL;;40.690.000;42.190.000;1.500.000;;;;;01-12-2025;;;;
;;Ssangyong;REXTON;2.2 AT 4x4 FULL DIESEL SA;FULL DIESEL;;40.690.000;42.190.000;1.500.000;;;;;01-01-2026;;;;
;;Ssangyong;REXTON;2.2 AT 4x4 FULL DIESEL SA;FULL DIESEL;;40.690.000;42.190.000;1.500.000;;;;;01-02-2026;;;;
;;Ssangyong;REXTON;4x4 AT Full DI SA;FULL DIESEL;;46.790.000;48.790.000;2.000.000;;;;;01-01-2025;;;;
;;Ssangyong;REXTON;4x4 AT Full DI SA;FULL DIESEL;;46.690.000;48.690.000;2.000.000;;;;;01-02-2025;;;;
;;Ssangyong;REXTON;4x4 AT Full DI SA;FULL DIESEL;;46.590.000;48.590.000;2.000.000;;;;;01-03-2025;;;;
;;Ssangyong;REXTON;4x4 AT Full DI SA;FULL DIESEL;;46.490.000;48.490.000;2.000.000;;;;;01-04-2025;;;;
;;Ssangyong;REXTON;4x4 AT Full DI SA;FULL DIESEL;;46.390.000;48.390.000;2.000.000;;;;;01-05-2025;;;;
;;Ssangyong;REXTON;4x4 AT Full DI SA;FULL DIESEL;;46.290.000;48.290.000;2.000.000;;;;;01-06-2025;;;;
;;Ssangyong;REXTON;4x4 AT Full DI SA;FULL DIESEL;;46.190.000;48.190.000;2.000.000;;;;;01-07-2025;;;;
;;Ssangyong;REXTON;4x4 AT Full DI SA;FULL DIESEL;;46.090.000;48.090.000;2.000.000;;;;;01-08-2025;;;;
;;Ssangyong;REXTON;4x4 AT Full DI SA;FULL DIESEL;;45.990.000;47.990.000;2.000.000;;;;;01-09-2025;;;;
;;Ssangyong;REXTON;4x4 AT Full DI SA;FULL DIESEL;;45.890.000;47.890.000;2.000.000;;;;;01-10-2025;;;;
;;Ssangyong;REXTON;4x4 AT Full DI SA;FULL DIESEL;;45.790.000;47.790.000;2.000.000;;;;;01-11-2025;;;;
;;Ssangyong;REXTON;4x4 AT Full DI SA;FULL DIESEL;;45.690.000;47.690.000;2.000.000;;;;;01-12-2025;;;;
;;Ssangyong;REXTON;4x4 AT Full DI SA;FULL DIESEL;;45.690.000;47.690.000;2.000.000;;;;;01-01-2026;;;;
;;Ssangyong;REXTON;4x4 AT Full DI SA;FULL DIESEL;;45.690.000;47.690.000;2.000.000;;;;;01-02-2026;;;;
;;Ssangyong;REXTON;BLACK EDITION LIMITED PLUS 2.2TD 8AT 4WD;BLACK EDITION;;47.790.000;49.790.000;2.000.000;;;;;01-01-2025;;;;
;;Ssangyong;REXTON;BLACK EDITION LIMITED PLUS 2.2TD 8AT 4WD;BLACK EDITION;;47.690.000;49.690.000;2.000.000;;;;;01-02-2025;;;;
;;Ssangyong;REXTON;BLACK EDITION LIMITED PLUS 2.2TD 8AT 4WD;BLACK EDITION;;47.590.000;49.590.000;2.000.000;;;;;01-03-2025;;;;
;;Ssangyong;REXTON;BLACK EDITION LIMITED PLUS 2.2TD 8AT 4WD;BLACK EDITION;;47.490.000;49.490.000;2.000.000;;;;;01-04-2025;;;;
;;Ssangyong;REXTON;BLACK EDITION LIMITED PLUS 2.2TD 8AT 4WD;BLACK EDITION;;47.390.000;49.390.000;2.000.000;;;;;01-05-2025;;;;
;;Ssangyong;REXTON;BLACK EDITION LIMITED PLUS 2.2TD 8AT 4WD;BLACK EDITION;;47.290.000;49.290.000;2.000.000;;;;;01-06-2025;;;;
;;Ssangyong;REXTON;BLACK EDITION LIMITED PLUS 2.2TD 8AT 4WD;BLACK EDITION;;47.190.000;49.190.000;2.000.000;;;;;01-07-2025;;;;
;;Ssangyong;REXTON;BLACK EDITION LIMITED PLUS 2.2TD 8AT 4WD;BLACK EDITION;;47.090.000;49.090.000;2.000.000;;;;;01-08-2025;;;;
;;Ssangyong;REXTON;BLACK EDITION LIMITED PLUS 2.2TD 8AT 4WD;BLACK EDITION;;46.990.000;48.990.000;2.000.000;;;;;01-09-2025;;;;
;;Ssangyong;REXTON;BLACK EDITION LIMITED PLUS 2.2TD 8AT 4WD;BLACK EDITION;;46.890.000;48.890.000;2.000.000;;;;;01-10-2025;;;;
;;Ssangyong;REXTON;BLACK EDITION LIMITED PLUS 2.2TD 8AT 4WD;BLACK EDITION;;46.790.000;48.790.000;2.000.000;;;;;01-11-2025;;;;
;;Ssangyong;REXTON;BLACK EDITION LIMITED PLUS 2.2TD 8AT 4WD;BLACK EDITION;;46.690.000;48.690.000;2.000.000;;;;;01-12-2025;;;;
;;Ssangyong;REXTON;BLACK EDITION LIMITED PLUS 2.2TD 8AT 4WD;BLACK EDITION;;46.690.000;48.690.000;2.000.000;;;;;01-01-2026;;;;
;;Ssangyong;REXTON;BLACK EDITION LIMITED PLUS 2.2TD 8AT 4WD;BLACK EDITION;;46.690.000;48.690.000;2.000.000;;;;;01-02-2026;;;;
;;Volkswagen;TIGUAN;TSI AT COMFORTLINE 150HP;COMFORTLINE;;34.990.000;35.990.000;1.000.000;;;;;01-01-2025;;;;
;;Volkswagen;TIGUAN;TSI AT COMFORTLINE 150HP;COMFORTLINE;;35.090.000;36.090.000;1.000.000;;;;;01-02-2025;;;;
;;Volkswagen;TIGUAN;TSI AT COMFORTLINE 150HP;COMFORTLINE;;35.190.000;36.190.000;1.000.000;;;;;01-03-2025;;;;
;;Volkswagen;TIGUAN;TSI AT COMFORTLINE 150HP;COMFORTLINE;;35.290.000;36.290.000;1.000.000;;;;;01-04-2025;;;;
;;Volkswagen;TIGUAN;TSI AT COMFORTLINE 150HP;COMFORTLINE;;35.390.000;36.390.000;1.000.000;;;;;01-05-2025;;;;
;;Volkswagen;TIGUAN;TSI AT COMFORTLINE 150HP;COMFORTLINE;;35.490.000;36.490.000;1.000.000;;;;;01-06-2025;;;;
;;Volkswagen;TIGUAN;TSI AT COMFORTLINE 150HP;COMFORTLINE;;35.590.000;36.590.000;1.000.000;;;;;01-07-2025;;;;
;;Volkswagen;TIGUAN;TSI AT COMFORTLINE 150HP;COMFORTLINE;;35.490.000;36.490.000;1.000.000;;;;;01-08-2025;;;;
;;Volkswagen;TIGUAN;TSI AT COMFORTLINE 150HP;COMFORTLINE;;35.390.000;36.390.000;1.000.000;;;;;01-09-2025;;;;
;;Volkswagen;TIGUAN;TSI AT COMFORTLINE 150HP;COMFORTLINE;;35.190.000;36.190.000;1.000.000;;;;;01-10-2025;;;;
;;Volkswagen;TIGUAN;TSI AT COMFORTLINE 150HP;COMFORTLINE;;34.990.000;35.990.000;1.000.000;;;;;01-11-2025;;;;
;;Volkswagen;TIGUAN;TSI AT COMFORTLINE 150HP;COMFORTLINE;;34.790.000;35.790.000;1.000.000;;;;;01-12-2025;;;;
;;Volkswagen;TIGUAN;TSI AT COMFORTLINE 150HP;COMFORTLINE;;34.590.000;35.590.000;1.000.000;;;;;01-01-2026;;;;
;;Volkswagen;TIGUAN;TSI AT COMFORTLINE 150HP;COMFORTLINE;;34.490.000;35.490.000;1.000.000;;;;;01-02-2026;;;;
;;Volkswagen;TIGUAN;1.4 TSI AT R-Line;R-LINE;;37.990.000;38.990.000;1.000.000;;;;;01-01-2025;;;;
;;Volkswagen;TIGUAN;1.4 TSI AT R-Line;R-LINE;;38.090.000;39.090.000;1.000.000;;;;;01-02-2025;;;;
;;Volkswagen;TIGUAN;1.4 TSI AT R-Line;R-LINE;;38.190.000;39.190.000;1.000.000;;;;;01-03-2025;;;;
;;Volkswagen;TIGUAN;1.4 TSI AT R-Line;R-LINE;;38.290.000;39.290.000;1.000.000;;;;;01-04-2025;;;;
;;Volkswagen;TIGUAN;1.4 TSI AT R-Line;R-LINE;;38.390.000;39.390.000;1.000.000;;;;;01-05-2025;;;;
;;Volkswagen;TIGUAN;1.4 TSI AT R-Line;R-LINE;;38.490.000;39.490.000;1.000.000;;;;;01-06-2025;;;;
;;Volkswagen;TIGUAN;1.4 TSI AT R-Line;R-LINE;;38.590.000;39.590.000;1.000.000;;;;;01-07-2025;;;;
;;Volkswagen;TIGUAN;1.4 TSI AT R-Line;R-LINE;;38.490.000;39.490.000;1.000.000;;;;;01-08-2025;;;;
;;Volkswagen;TIGUAN;1.4 TSI AT R-Line;R-LINE;;38.390.000;39.390.000;1.000.000;;;;;01-09-2025;;;;
;;Volkswagen;TIGUAN;1.4 TSI AT R-Line;R-LINE;;38.190.000;39.190.000;1.000.000;;;;;01-10-2025;;;;
;;Volkswagen;TIGUAN;1.4 TSI AT R-Line;R-LINE;;37.990.000;38.990.000;1.000.000;;;;;01-11-2025;;;;
;;Volkswagen;TIGUAN;1.4 TSI AT R-Line;R-LINE;;37.790.000;38.790.000;1.000.000;;;;;01-12-2025;;;;
;;Volkswagen;TIGUAN;1.4 TSI AT R-Line;R-LINE;;37.590.000;38.590.000;1.000.000;;;;;01-01-2026;;;;
;;Volkswagen;TIGUAN;1.4 TSI AT R-Line;R-LINE;;37.490.000;38.490.000;1.000.000;;;;;01-02-2026;;;;
;;Hyundai;SANTA FE; MX5 2.5 AT PLUS;PLUS;;33.290.000;37.190.000;3.900.000;;;;;01-01-2025;;;;
;;Hyundai;SANTA FE; MX5 2.5 AT PLUS;PLUS;;33.190.000;37.090.000;3.900.000;;;;;01-02-2025;;;;
;;Hyundai;SANTA FE; MX5 2.5 AT PLUS;PLUS;;33.090.000;36.990.000;3.900.000;;;;;01-03-2025;;;;
;;Hyundai;SANTA FE; MX5 2.5 AT PLUS;PLUS;;32.990.000;36.890.000;3.900.000;;;;;01-04-2025;;;;
;;Hyundai;SANTA FE; MX5 2.5 AT PLUS;PLUS;;32.890.000;36.790.000;3.900.000;;;;;01-05-2025;;;;
;;Hyundai;SANTA FE; MX5 2.5 AT PLUS;PLUS;;32.790.000;36.690.000;3.900.000;;;;;01-06-2025;;;;
;;Hyundai;SANTA FE; MX5 2.5 AT PLUS;PLUS;;32.690.000;36.590.000;3.900.000;;;;;01-07-2025;;;;
;;Hyundai;SANTA FE; MX5 2.5 AT PLUS;PLUS;;32.590.000;36.490.000;3.900.000;;;;;01-08-2025;;;;
;;Hyundai;SANTA FE; MX5 2.5 AT PLUS;PLUS;;32.490.000;36.390.000;3.900.000;;;;;01-09-2025;;;;
;;Hyundai;SANTA FE; MX5 2.5 AT PLUS;PLUS;;32.390.000;36.290.000;3.900.000;;;;;01-10-2025;;;;
;;Hyundai;SANTA FE; MX5 2.5 AT PLUS;PLUS;;32.290.000;36.190.000;3.900.000;;;;;01-11-2025;;;;
;;Hyundai;SANTA FE; MX5 2.5 AT PLUS;PLUS;;32.190.000;36.090.000;3.900.000;;;;;01-12-2025;;;;
;;Hyundai;SANTA FE; MX5 2.5 AT PLUS;PLUS;;32.190.000;36.090.000;3.900.000;;;;;01-01-2026;;;;
;;Hyundai;SANTA FE; MX5 2.5 AT PLUS;PLUS;;32.190.000;36.090.000;3.900.000;;;;;01-02-2026;;;;
;;Hyundai;SANTA FE;MX5 2.5 AT 4WD DESIGN;DESIGN;;36.790.000;41.190.000;4.400.000;;;;;01-01-2025;;;;
;;Hyundai;SANTA FE;MX5 2.5 AT 4WD DESIGN;DESIGN;;36.690.000;41.090.000;4.400.000;;;;;01-02-2025;;;;
;;Hyundai;SANTA FE;MX5 2.5 AT 4WD DESIGN;DESIGN;;36.590.000;40.990.000;4.400.000;;;;;01-03-2025;;;;
;;Hyundai;SANTA FE;MX5 2.5 AT 4WD DESIGN;DESIGN;;36.490.000;40.890.000;4.400.000;;;;;01-04-2025;;;;
;;Hyundai;SANTA FE;MX5 2.5 AT 4WD DESIGN;DESIGN;;36.390.000;40.790.000;4.400.000;;;;;01-05-2025;;;;
;;Hyundai;SANTA FE;MX5 2.5 AT 4WD DESIGN;DESIGN;;36.290.000;40.690.000;4.400.000;;;;;01-06-2025;;;;
;;Hyundai;SANTA FE;MX5 2.5 AT 4WD DESIGN;DESIGN;;36.190.000;40.590.000;4.400.000;;;;;01-07-2025;;;;
;;Hyundai;SANTA FE;MX5 2.5 AT 4WD DESIGN;DESIGN;;36.090.000;40.490.000;4.400.000;;;;;01-08-2025;;;;
;;Hyundai;SANTA FE;MX5 2.5 AT 4WD DESIGN;DESIGN;;35.990.000;40.390.000;4.400.000;;;;;01-09-2025;;;;
;;Hyundai;SANTA FE;MX5 2.5 AT 4WD DESIGN;DESIGN;;35.890.000;40.290.000;4.400.000;;;;;01-10-2025;;;;
;;Hyundai;SANTA FE;MX5 2.5 AT 4WD DESIGN;DESIGN;;35.790.000;40.190.000;4.400.000;;;;;01-11-2025;;;;
;;Hyundai;SANTA FE;MX5 2.5 AT 4WD DESIGN;DESIGN;;35.690.000;40.090.000;4.400.000;;;;;01-12-2025;;;;
;;Hyundai;SANTA FE;MX5 2.5 AT 4WD DESIGN;DESIGN;;35.690.000;40.090.000;4.400.000;;;;;01-01-2026;;;;
;;Hyundai;SANTA FE;MX5 2.5 AT 4WD DESIGN;DESIGN;;35.690.000;40.090.000;4.400.000;;;;;01-02-2026;;;;
;;HONDA;New CR-V Touring ;1.5 Turbo Aut. 4×4;New CR-V Touring ;;40.490.000;42.490.000;2.000.000;;;;;01-01-2025;;;;
;;HONDA;New CR-V Touring ;1.5 Turbo Aut. 4×4;New CR-V Touring ;;40.590.000;42.590.000;2.000.000;;;;;01-02-2025;;;;
;;HONDA;New CR-V Touring ;1.5 Turbo Aut. 4×4;New CR-V Touring ;;40.690.000;42.690.000;2.000.000;;;;;01-03-2025;;;;
;;HONDA;New CR-V Touring ;1.5 Turbo Aut. 4×4;New CR-V Touring ;;40.790.000;42.790.000;2.000.000;;;;;01-04-2025;;;;
;;HONDA;New CR-V Touring ;1.5 Turbo Aut. 4×4;New CR-V Touring ;;40.890.000;42.890.000;2.000.000;;;;;01-05-2025;;;;
;;HONDA;New CR-V Touring ;1.5 Turbo Aut. 4×4;New CR-V Touring ;;40.990.000;42.990.000;2.000.000;;;;;01-06-2025;;;;
;;HONDA;New CR-V Touring ;1.5 Turbo Aut. 4×4;New CR-V Touring ;;41.090.000;43.090.000;2.000.000;;;;;01-07-2025;;;;
;;HONDA;New CR-V Touring ;1.5 Turbo Aut. 4×4;New CR-V Touring ;;40.990.000;42.990.000;2.000.000;;;;;01-08-2025;;;;
;;HONDA;New CR-V Touring ;1.5 Turbo Aut. 4×4;New CR-V Touring ;;40.890.000;42.890.000;2.000.000;;;;;01-09-2025;;;;
;;HONDA;New CR-V Touring ;1.5 Turbo Aut. 4×4;New CR-V Touring ;;40.690.000;42.690.000;2.000.000;;;;;01-10-2025;;;;
;;HONDA;New CR-V Touring ;1.5 Turbo Aut. 4×4;New CR-V Touring ;;40.490.000;42.490.000;2.000.000;;;;;01-11-2025;;;;
;;HONDA;New CR-V Touring ;1.5 Turbo Aut. 4×4;New CR-V Touring ;;40.290.000;42.290.000;2.000.000;;;;;01-12-2025;;;;
;;HONDA;New CR-V Touring ;1.5 Turbo Aut. 4×4;New CR-V Touring ;;40.090.000;42.090.000;2.000.000;;;;;01-01-2026;;;;
;;HONDA;New CR-V Touring ;1.5 Turbo Aut. 4×4;New CR-V Touring ;;39.990.000;41.990.000;2.000.000;;;;;01-02-2026;;;;
;;Hyundai;PALISADE;LX2 3.5 AT AWD PREMIUM FL;Premium FL;;44.790.000;49.190.000;4.400.000;;;;;01-01-2025;;;;
;;Hyundai;PALISADE;LX2 3.5 AT AWD PREMIUM FL;Premium FL;;44.890.000;49.290.000;4.400.000;;;;;01-02-2025;;;;
;;Hyundai;PALISADE;LX2 3.5 AT AWD PREMIUM FL;Premium FL;;44.990.000;49.390.000;4.400.000;;;;;01-03-2025;;;;
;;Hyundai;PALISADE;LX2 3.5 AT AWD PREMIUM FL;Premium FL;;45.090.000;49.490.000;4.400.000;;;;;01-04-2025;;;;
;;Hyundai;PALISADE;LX2 3.5 AT AWD PREMIUM FL;Premium FL;;45.190.000;49.590.000;4.400.000;;;;;01-05-2025;;;;
;;Hyundai;PALISADE;LX2 3.5 AT AWD PREMIUM FL;Premium FL;;45.290.000;49.690.000;4.400.000;;;;;01-06-2025;;;;
;;Hyundai;PALISADE;LX2 3.5 AT AWD PREMIUM FL;Premium FL;;45.390.000;49.790.000;4.400.000;;;;;01-07-2025;;;;
;;Hyundai;PALISADE;LX2 3.5 AT AWD PREMIUM FL;Premium FL;;45.290.000;49.690.000;4.400.000;;;;;01-08-2025;;;;
;;Hyundai;PALISADE;LX2 3.5 AT AWD PREMIUM FL;Premium FL;;45.190.000;49.590.000;4.400.000;;;;;01-09-2025;;;;
;;Hyundai;PALISADE;LX2 3.5 AT AWD PREMIUM FL;Premium FL;;44.890.000;49.290.000;4.400.000;;;;;01-10-2025;;;;
;;Hyundai;PALISADE;LX2 3.5 AT AWD PREMIUM FL;Premium FL;;44.590.000;48.990.000;4.400.000;;;;;01-11-2025;;;;
;;Hyundai;PALISADE;LX2 3.5 AT AWD PREMIUM FL;Premium FL;;44.290.000;48.690.000;4.400.000;;;;;01-12-2025;;;;
;;Hyundai;PALISADE;LX2 3.5 AT AWD PREMIUM FL;Premium FL;;44.090.000;48.490.000;4.400.000;;;;;01-01-2026;;;;
;;Hyundai;PALISADE;LX2 3.5 AT AWD PREMIUM FL;Premium FL;;43.990.000;48.390.000;4.400.000;;;;;01-02-2026;;;;
;;Hyundai;PALISADE;LX2 2.2 CRDI AT AWD PREMIUM FL;Premium FL;;48.790.000;53.190.000;4.400.000;;;;;01-01-2025;;;;
;;Hyundai;PALISADE;LX2 2.2 CRDI AT AWD PREMIUM FL;Premium FL;;48.890.000;53.290.000;4.400.000;;;;;01-02-2025;;;;
;;Hyundai;PALISADE;LX2 2.2 CRDI AT AWD PREMIUM FL;Premium FL;;48.990.000;53.390.000;4.400.000;;;;;01-03-2025;;;;
;;Hyundai;PALISADE;LX2 2.2 CRDI AT AWD PREMIUM FL;Premium FL;;49.090.000;53.490.000;4.400.000;;;;;01-04-2025;;;;
;;Hyundai;PALISADE;LX2 2.2 CRDI AT AWD PREMIUM FL;Premium FL;;49.190.000;53.590.000;4.400.000;;;;;01-05-2025;;;;
;;Hyundai;PALISADE;LX2 2.2 CRDI AT AWD PREMIUM FL;Premium FL;;49.290.000;53.690.000;4.400.000;;;;;01-06-2025;;;;
;;Hyundai;PALISADE;LX2 2.2 CRDI AT AWD PREMIUM FL;Premium FL;;49.390.000;53.790.000;4.400.000;;;;;01-07-2025;;;;
;;Hyundai;PALISADE;LX2 2.2 CRDI AT AWD PREMIUM FL;Premium FL;;49.290.000;53.690.000;4.400.000;;;;;01-08-2025;;;;
;;Hyundai;PALISADE;LX2 2.2 CRDI AT AWD PREMIUM FL;Premium FL;;49.190.000;53.590.000;4.400.000;;;;;01-09-2025;;;;
;;Hyundai;PALISADE;LX2 2.2 CRDI AT AWD PREMIUM FL;Premium FL;;48.890.000;53.290.000;4.400.000;;;;;01-10-2025;;;;
;;Hyundai;PALISADE;LX2 2.2 CRDI AT AWD PREMIUM FL;Premium FL;;48.590.000;52.990.000;4.400.000;;;;;01-11-2025;;;;
;;Hyundai;PALISADE;LX2 2.2 CRDI AT AWD PREMIUM FL;Premium FL;;48.290.000;52.690.000;4.400.000;;;;;01-12-2025;;;;
;;Hyundai;PALISADE;LX2 2.2 CRDI AT AWD PREMIUM FL;Premium FL;;48.090.000;52.490.000;4.400.000;;;;;01-01-2026;;;;
;;Hyundai;PALISADE;LX2 2.2 CRDI AT AWD PREMIUM FL;Premium FL;;47.990.000;52.390.000;4.400.000;;;;;01-02-2026;;;;
;;Hyundai;PALISADE;LX2 2.2 CRDI AT AWD LIMITED FL;Limited FL;;52.790.000;58.190.000;5.400.000;;;;;01-01-2025;;;;
;;Hyundai;PALISADE;LX2 2.2 CRDI AT AWD LIMITED FL;Limited FL;;52.890.000;58.290.000;5.400.000;;;;;01-02-2025;;;;
;;Hyundai;PALISADE;LX2 2.2 CRDI AT AWD LIMITED FL;Limited FL;;52.990.000;58.390.000;5.400.000;;;;;01-03-2025;;;;
;;Hyundai;PALISADE;LX2 2.2 CRDI AT AWD LIMITED FL;Limited FL;;53.090.000;58.490.000;5.400.000;;;;;01-04-2025;;;;
;;Hyundai;PALISADE;LX2 2.2 CRDI AT AWD LIMITED FL;Limited FL;;53.190.000;58.590.000;5.400.000;;;;;01-05-2025;;;;
;;Hyundai;PALISADE;LX2 2.2 CRDI AT AWD LIMITED FL;Limited FL;;53.290.000;58.690.000;5.400.000;;;;;01-06-2025;;;;
;;Hyundai;PALISADE;LX2 2.2 CRDI AT AWD LIMITED FL;Limited FL;;53.390.000;58.790.000;5.400.000;;;;;01-07-2025;;;;
;;Hyundai;PALISADE;LX2 2.2 CRDI AT AWD LIMITED FL;Limited FL;;53.290.000;58.690.000;5.400.000;;;;;01-08-2025;;;;
;;Hyundai;PALISADE;LX2 2.2 CRDI AT AWD LIMITED FL;Limited FL;;53.190.000;58.590.000;5.400.000;;;;;01-09-2025;;;;
;;Hyundai;PALISADE;LX2 2.2 CRDI AT AWD LIMITED FL;Limited FL;;52.890.000;58.290.000;5.400.000;;;;;01-10-2025;;;;
;;Hyundai;PALISADE;LX2 2.2 CRDI AT AWD LIMITED FL;Limited FL;;52.590.000;57.990.000;5.400.000;;;;;01-11-2025;;;;
;;Hyundai;PALISADE;LX2 2.2 CRDI AT AWD LIMITED FL;Limited FL;;52.290.000;57.690.000;5.400.000;;;;;01-12-2025;;;;
;;Hyundai;PALISADE;LX2 2.2 CRDI AT AWD LIMITED FL;Limited FL;;52.090.000;57.490.000;5.400.000;;;;;01-01-2026;;;;
;;Hyundai;PALISADE;LX2 2.2 CRDI AT AWD LIMITED FL;Limited FL;;51.990.000;57.390.000;5.400.000;;;;;01-02-2026;;;;
;;Toyota;FORTUNER;SR5 4x4 MT TDI 2.8 Diesel.;MT;;39.590.000;43.990.000;4.400.000;;;;;01-01-2025;;;;
;;Toyota;FORTUNER;SR5 4x4 MT TDI 2.8 Diesel.;MT;;39.490.000;43.890.000;4.400.000;;;;;01-02-2025;;;;
;;Toyota;FORTUNER;SR5 4x4 MT TDI 2.8 Diesel.;MT;;39.390.000;43.790.000;4.400.000;;;;;01-03-2025;;;;
;;Toyota;FORTUNER;SR5 4x4 MT TDI 2.8 Diesel.;MT;;39.290.000;43.690.000;4.400.000;;;;;01-04-2025;;;;
;;Toyota;FORTUNER;SR5 4x4 MT TDI 2.8 Diesel.;MT;;39.190.000;43.590.000;4.400.000;;;;;01-05-2025;;;;
;;Toyota;FORTUNER;SR5 4x4 MT TDI 2.8 Diesel.;MT;;39.090.000;43.490.000;4.400.000;;;;;01-06-2025;;;;
;;Toyota;FORTUNER;SR5 4x4 MT TDI 2.8 Diesel.;MT;;38.990.000;43.390.000;4.400.000;;;;;01-07-2025;;;;
;;Toyota;FORTUNER;SR5 4x4 MT TDI 2.8 Diesel.;MT;;38.890.000;43.290.000;4.400.000;;;;;01-08-2025;;;;
;;Toyota;FORTUNER;SR5 4x4 MT TDI 2.8 Diesel.;MT;;38.790.000;43.190.000;4.400.000;;;;;01-09-2025;;;;
;;Toyota;FORTUNER;SR5 4x4 MT TDI 2.8 Diesel.;MT;;38.690.000;43.090.000;4.400.000;;;;;01-10-2025;;;;
;;Toyota;FORTUNER;SR5 4x4 MT TDI 2.8 Diesel.;MT;;38.590.000;42.990.000;4.400.000;;;;;01-11-2025;;;;
;;Toyota;FORTUNER;SR5 4x4 MT TDI 2.8 Diesel.;MT;;38.490.000;42.890.000;4.400.000;;;;;01-12-2025;;;;
;;Toyota;FORTUNER;SR5 4x4 MT TDI 2.8 Diesel.;MT;;38.490.000;42.890.000;4.400.000;;;;;01-01-2026;;;;
;;Toyota;FORTUNER;SR5 4x4 MT TDI 2.8 Diesel.;MT;;38.490.000;42.890.000;4.400.000;;;;;01-02-2026;;;;
;;Toyota;FORTUNER;SR5 4x4 AT 2.8L Diesel;AT;;42.490.000;45.490.000;3.000.000;;;;;01-01-2025;;;;
;;Toyota;FORTUNER;SR5 4x4 AT 2.8L Diesel;AT;;42.390.000;45.390.000;3.000.000;;;;;01-02-2025;;;;
;;Toyota;FORTUNER;SR5 4x4 AT 2.8L Diesel;AT;;42.290.000;45.290.000;3.000.000;;;;;01-03-2025;;;;
;;Toyota;FORTUNER;SR5 4x4 AT 2.8L Diesel;AT;;42.190.000;45.190.000;3.000.000;;;;;01-04-2025;;;;
;;Toyota;FORTUNER;SR5 4x4 AT 2.8L Diesel;AT;;42.090.000;45.090.000;3.000.000;;;;;01-05-2025;;;;
;;Toyota;FORTUNER;SR5 4x4 AT 2.8L Diesel;AT;;41.990.000;44.990.000;3.000.000;;;;;01-06-2025;;;;
;;Toyota;FORTUNER;SR5 4x4 AT 2.8L Diesel;AT;;41.890.000;44.890.000;3.000.000;;;;;01-07-2025;;;;
;;Toyota;FORTUNER;SR5 4x4 AT 2.8L Diesel;AT;;41.790.000;44.790.000;3.000.000;;;;;01-08-2025;;;;
;;Toyota;FORTUNER;SR5 4x4 AT 2.8L Diesel;AT;;41.690.000;44.690.000;3.000.000;;;;;01-09-2025;;;;
;;Toyota;FORTUNER;SR5 4x4 AT 2.8L Diesel;AT;;41.590.000;44.590.000;3.000.000;;;;;01-10-2025;;;;
;;Toyota;FORTUNER;SR5 4x4 AT 2.8L Diesel;AT;;41.490.000;44.490.000;3.000.000;;;;;01-11-2025;;;;
;;Toyota;FORTUNER;SR5 4x4 AT 2.8L Diesel;AT;;41.390.000;44.390.000;3.000.000;;;;;01-12-2025;;;;
;;Toyota;FORTUNER;SR5 4x4 AT 2.8L Diesel;AT;;41.390.000;44.390.000;3.000.000;;;;;01-01-2026;;;;
;;Toyota;FORTUNER;SR5 4x4 AT 2.8L Diesel;AT;;41.390.000;44.390.000;3.000.000;;;;;01-02-2026;;;;
;;Toyota;FORTUNER;NEW SRX 4x4 AT 2.8L Diesel;AT;;48.590.000;51.990.000;3.400.000;;;;;01-01-2025;;;;
;;Toyota;FORTUNER;NEW SRX 4x4 AT 2.8L Diesel;AT;;48.490.000;51.890.000;3.400.000;;;;;01-02-2025;;;;
;;Toyota;FORTUNER;NEW SRX 4x4 AT 2.8L Diesel;AT;;48.390.000;51.790.000;3.400.000;;;;;01-03-2025;;;;
;;Toyota;FORTUNER;NEW SRX 4x4 AT 2.8L Diesel;AT;;48.290.000;51.690.000;3.400.000;;;;;01-04-2025;;;;
;;Toyota;FORTUNER;NEW SRX 4x4 AT 2.8L Diesel;AT;;48.190.000;51.590.000;3.400.000;;;;;01-05-2025;;;;
;;Toyota;FORTUNER;NEW SRX 4x4 AT 2.8L Diesel;AT;;48.090.000;51.490.000;3.400.000;;;;;01-06-2025;;;;
;;Toyota;FORTUNER;NEW SRX 4x4 AT 2.8L Diesel;AT;;47.990.000;51.390.000;3.400.000;;;;;01-07-2025;;;;
;;Toyota;FORTUNER;NEW SRX 4x4 AT 2.8L Diesel;AT;;47.890.000;51.290.000;3.400.000;;;;;01-08-2025;;;;
;;Toyota;FORTUNER;NEW SRX 4x4 AT 2.8L Diesel;AT;;47.790.000;51.190.000;3.400.000;;;;;01-09-2025;;;;
;;Toyota;FORTUNER;NEW SRX 4x4 AT 2.8L Diesel;AT;;47.690.000;51.090.000;3.400.000;;;;;01-10-2025;;;;
;;Toyota;FORTUNER;NEW SRX 4x4 AT 2.8L Diesel;AT;;47.590.000;50.990.000;3.400.000;;;;;01-11-2025;;;;
;;Toyota;FORTUNER;NEW SRX 4x4 AT 2.8L Diesel;AT;;47.490.000;50.890.000;3.400.000;;;;;01-12-2025;;;;
;;Toyota;FORTUNER;NEW SRX 4x4 AT 2.8L Diesel;AT;;47.490.000;50.890.000;3.400.000;;;;;01-01-2026;;;;
;;Toyota;FORTUNER;NEW SRX 4x4 AT 2.8L Diesel;AT;;47.490.000;50.890.000;3.400.000;;;;;01-02-2026;;;;
;;Mazda;CX-60;PRIME 2.5 Gasolina PRIME 2.5;PRIME 2.5;;40.390.000;41.390.000;1.000.000;;;;;01-01-2025;;;;
;;Mazda;CX-60;PRIME 2.5 Gasolina PRIME 2.5;PRIME 2.5;;40.490.000;41.490.000;1.000.000;;;;;01-02-2025;;;;
;;Mazda;CX-60;PRIME 2.5 Gasolina PRIME 2.5;PRIME 2.5;;40.590.000;41.590.000;1.000.000;;;;;01-03-2025;;;;
;;Mazda;CX-60;PRIME 2.5 Gasolina PRIME 2.5;PRIME 2.5;;40.690.000;41.690.000;1.000.000;;;;;01-04-2025;;;;
;;Mazda;CX-60;PRIME 2.5 Gasolina PRIME 2.5;PRIME 2.5;;40.790.000;41.790.000;1.000.000;;;;;01-05-2025;;;;
;;Mazda;CX-60;PRIME 2.5 Gasolina PRIME 2.5;PRIME 2.5;;40.890.000;41.890.000;1.000.000;;;;;01-06-2025;;;;
;;Mazda;CX-60;PRIME 2.5 Gasolina PRIME 2.5;PRIME 2.5;;40.990.000;41.990.000;1.000.000;;;;;01-07-2025;;;;
;;Mazda;CX-60;PRIME 2.5 Gasolina PRIME 2.5;PRIME 2.5;;40.890.000;41.890.000;1.000.000;;;;;01-08-2025;;;;
;;Mazda;CX-60;PRIME 2.5 Gasolina PRIME 2.5;PRIME 2.5;;40.790.000;41.790.000;1.000.000;;;;;01-09-2025;;;;
;;Mazda;CX-60;PRIME 2.5 Gasolina PRIME 2.5;PRIME 2.5;;40.590.000;41.590.000;1.000.000;;;;;01-10-2025;;;;
;;Mazda;CX-60;PRIME 2.5 Gasolina PRIME 2.5;PRIME 2.5;;40.390.000;41.390.000;1.000.000;;;;;01-11-2025;;;;
;;Mazda;CX-60;PRIME 2.5 Gasolina PRIME 2.5;PRIME 2.5;;40.190.000;41.190.000;1.000.000;;;;;01-12-2025;;;;
;;Mazda;CX-60;PRIME 2.5 Gasolina PRIME 2.5;PRIME 2.5;;40.090.000;41.090.000;1.000.000;;;;;01-01-2026;;;;
;;Mazda;CX-60;PRIME 2.5 Gasolina PRIME 2.5;PRIME 2.5;;39.990.000;40.990.000;1.000.000;;;;;01-02-2026;;;;
;;Mazda;CX-60;PREMIUM SPORT 3.3 Mild Hybrid;Mild Hybrid;;48.390.000;49.390.000;1.000.000;;;;;01-01-2025;;;;
;;Mazda;CX-60;PREMIUM SPORT 3.3 Mild Hybrid;Mild Hybrid;;48.490.000;49.490.000;1.000.000;;;;;01-02-2025;;;;
;;Mazda;CX-60;PREMIUM SPORT 3.3 Mild Hybrid;Mild Hybrid;;48.590.000;49.590.000;1.000.000;;;;;01-03-2025;;;;
;;Mazda;CX-60;PREMIUM SPORT 3.3 Mild Hybrid;Mild Hybrid;;48.690.000;49.690.000;1.000.000;;;;;01-04-2025;;;;
;;Mazda;CX-60;PREMIUM SPORT 3.3 Mild Hybrid;Mild Hybrid;;48.790.000;49.790.000;1.000.000;;;;;01-05-2025;;;;
;;Mazda;CX-60;PREMIUM SPORT 3.3 Mild Hybrid;Mild Hybrid;;48.890.000;49.890.000;1.000.000;;;;;01-06-2025;;;;
;;Mazda;CX-60;PREMIUM SPORT 3.3 Mild Hybrid;Mild Hybrid;;48.990.000;50.990.000;1.000.000;;;;;01-07-2025;;;;
;;Mazda;CX-60;PREMIUM SPORT 3.3 Mild Hybrid;Mild Hybrid;;48.890.000;49.890.000;1.000.000;;;;;01-08-2025;;;;
;;Mazda;CX-60;PREMIUM SPORT 3.3 Mild Hybrid;Mild Hybrid;;48.790.000;49.790.000;1.000.000;;;;;01-09-2025;;;;
;;Mazda;CX-60;PREMIUM SPORT 3.3 Mild Hybrid;Mild Hybrid;;48.590.000;49.590.000;1.000.000;;;;;01-10-2025;;;;
;;Mazda;CX-60;PREMIUM SPORT 3.3 Mild Hybrid;Mild Hybrid;;48.390.000;49.390.000;1.000.000;;;;;01-11-2025;;;;
;;Mazda;CX-60;PREMIUM SPORT 3.3 Mild Hybrid;Mild Hybrid;;48.190.000;49.190.000;1.000.000;;;;;01-12-2025;;;;
;;Mazda;CX-60;PREMIUM SPORT 3.3 Mild Hybrid;Mild Hybrid;;48.090.000;49.090.000;1.000.000;;;;;01-01-2026;;;;
;;Mazda;CX-60;PREMIUM SPORT 3.3 Mild Hybrid;Mild Hybrid;;47.990.000;48.990.000;1.000.000;;;;;01-02-2026;;;;
;;Mazda;CX-60;PREMIUM SPORT 3.3 Mild Hybrid TAN;Mild Hybrid TAN;;48.390.000;49.390.000;1.000.000;;;;;01-01-2025;;;;
;;Mazda;CX-60;PREMIUM SPORT 3.3 Mild Hybrid TAN;Mild Hybrid TAN;;48.490.000;49.490.000;1.000.000;;;;;01-02-2025;;;;
;;Mazda;CX-60;PREMIUM SPORT 3.3 Mild Hybrid TAN;Mild Hybrid TAN;;48.590.000;49.590.000;1.000.000;;;;;01-03-2025;;;;
;;Mazda;CX-60;PREMIUM SPORT 3.3 Mild Hybrid TAN;Mild Hybrid TAN;;48.690.000;49.690.000;1.000.000;;;;;01-04-2025;;;;
;;Mazda;CX-60;PREMIUM SPORT 3.3 Mild Hybrid TAN;Mild Hybrid TAN;;48.790.000;49.790.000;1.000.000;;;;;01-05-2025;;;;
;;Mazda;CX-60;PREMIUM SPORT 3.3 Mild Hybrid TAN;Mild Hybrid TAN;;48.890.000;49.890.000;1.000.000;;;;;01-06-2025;;;;
;;Mazda;CX-60;PREMIUM SPORT 3.3 Mild Hybrid TAN;Mild Hybrid TAN;;48.990.000;49.990.000;1.000.000;;;;;01-07-2025;;;;
;;Mazda;CX-60;PREMIUM SPORT 3.3 Mild Hybrid TAN;Mild Hybrid TAN;;48.890.000;49.890.000;1.000.000;;;;;01-08-2025;;;;
;;Mazda;CX-60;PREMIUM SPORT 3.3 Mild Hybrid TAN;Mild Hybrid TAN;;48.790.000;49.790.000;1.000.000;;;;;01-09-2025;;;;
;;Mazda;CX-60;PREMIUM SPORT 3.3 Mild Hybrid TAN;Mild Hybrid TAN;;48.590.000;49.590.000;1.000.000;;;;;01-10-2025;;;;
;;Mazda;CX-60;PREMIUM SPORT 3.3 Mild Hybrid TAN;Mild Hybrid TAN;;48.390.000;49.390.000;1.000.000;;;;;01-11-2025;;;;
;;Mazda;CX-60;PREMIUM SPORT 3.3 Mild Hybrid TAN;Mild Hybrid TAN;;48.190.000;49.190.000;1.000.000;;;;;01-12-2025;;;;
;;Mazda;CX-60;PREMIUM SPORT 3.3 Mild Hybrid TAN;Mild Hybrid TAN;;48.090.000;49.090.000;1.000.000;;;;;01-01-2026;;;;
;;Mazda;CX-60;PREMIUM SPORT 3.3 Mild Hybrid TAN;Mild Hybrid TAN;;47.990.000;48.990.000;1.000.000;;;;;01-02-2026;;;;
;;Mazda;CX-60;SIGNATURE 2.5  Híbrido Enchufable;Híbrido Enchufable;;57.390.000;58.390.000;1.000.000;;;;;01-01-2025;;;;
;;Mazda;CX-60;SIGNATURE 2.5  Híbrido Enchufable;Híbrido Enchufable;;57.490.000;58.490.000;1.000.000;;;;;01-02-2025;;;;
;;Mazda;CX-60;SIGNATURE 2.5  Híbrido Enchufable;Híbrido Enchufable;;57.590.000;58.590.000;1.000.000;;;;;01-03-2025;;;;
;;Mazda;CX-60;SIGNATURE 2.5  Híbrido Enchufable;Híbrido Enchufable;;57.690.000;58.690.000;1.000.000;;;;;01-04-2025;;;;
;;Mazda;CX-60;SIGNATURE 2.5  Híbrido Enchufable;Híbrido Enchufable;;57.790.000;58.790.000;1.000.000;;;;;01-05-2025;;;;
;;Mazda;CX-60;SIGNATURE 2.5  Híbrido Enchufable;Híbrido Enchufable;;57.890.000;58.890.000;1.000.000;;;;;01-06-2025;;;;
;;Mazda;CX-60;SIGNATURE 2.5  Híbrido Enchufable;Híbrido Enchufable;;57.990.000;58.990.000;1.000.000;;;;;01-07-2025;;;;
;;Mazda;CX-60;SIGNATURE 2.5  Híbrido Enchufable;Híbrido Enchufable;;57.890.000;58.890.000;1.000.000;;;;;01-08-2025;;;;
;;Mazda;CX-60;SIGNATURE 2.5  Híbrido Enchufable;Híbrido Enchufable;;57.790.000;58.790.000;1.000.000;;;;;01-09-2025;;;;
;;Mazda;CX-60;SIGNATURE 2.5  Híbrido Enchufable;Híbrido Enchufable;;57.590.000;58.590.000;1.000.000;;;;;01-10-2025;;;;
;;Mazda;CX-60;SIGNATURE 2.5  Híbrido Enchufable;Híbrido Enchufable;;57.390.000;58.390.000;1.000.000;;;;;01-11-2025;;;;
;;Mazda;CX-60;SIGNATURE 2.5  Híbrido Enchufable;Híbrido Enchufable;;57.190.000;58.190.000;1.000.000;;;;;01-12-2025;;;;
;;Mazda;CX-60;SIGNATURE 2.5  Híbrido Enchufable;Híbrido Enchufable;;57.090.000;58.090.000;1.000.000;;;;;01-01-2026;;;;
;;Mazda;CX-60;SIGNATURE 2.5  Híbrido Enchufable;Híbrido Enchufable;;56.990.000;57.990.000;1.000.000;;;;;01-02-2026;;;;
;;Mazda;CX-60;SIGNATURE 2.5 Híbrido Enchufable TAN;Híbrido Enchufable TAN;;57.390.000;58.390.000;1.000.000;;;;;01-01-2025;;;;
;;Mazda;CX-60;SIGNATURE 2.5 Híbrido Enchufable TAN;Híbrido Enchufable TAN;;57.490.000;58.490.000;1.000.000;;;;;01-02-2025;;;;
;;Mazda;CX-60;SIGNATURE 2.5 Híbrido Enchufable TAN;Híbrido Enchufable TAN;;57.590.000;58.590.000;1.000.000;;;;;01-03-2025;;;;
;;Mazda;CX-60;SIGNATURE 2.5 Híbrido Enchufable TAN;Híbrido Enchufable TAN;;57.690.000;58.690.000;1.000.000;;;;;01-04-2025;;;;
;;Mazda;CX-60;SIGNATURE 2.5 Híbrido Enchufable TAN;Híbrido Enchufable TAN;;57.790.000;58.790.000;1.000.000;;;;;01-05-2025;;;;
;;Mazda;CX-60;SIGNATURE 2.5 Híbrido Enchufable TAN;Híbrido Enchufable TAN;;57.890.000;58.890.000;1.000.000;;;;;01-06-2025;;;;
;;Mazda;CX-60;SIGNATURE 2.5 Híbrido Enchufable TAN;Híbrido Enchufable TAN;;57.990.000;58.990.000;1.000.000;;;;;01-07-2025;;;;
;;Mazda;CX-60;SIGNATURE 2.5 Híbrido Enchufable TAN;Híbrido Enchufable TAN;;57.890.000;58.890.000;1.000.000;;;;;01-08-2025;;;;
;;Mazda;CX-60;SIGNATURE 2.5 Híbrido Enchufable TAN;Híbrido Enchufable TAN;;57.790.000;58.790.000;1.000.000;;;;;01-09-2025;;;;
;;Mazda;CX-60;SIGNATURE 2.5 Híbrido Enchufable TAN;Híbrido Enchufable TAN;;57.590.000;58.590.000;1.000.000;;;;;01-10-2025;;;;
;;Mazda;CX-60;SIGNATURE 2.5 Híbrido Enchufable TAN;Híbrido Enchufable TAN;;57.390.000;58.390.000;1.000.000;;;;;01-11-2025;;;;
;;Mazda;CX-60;SIGNATURE 2.5 Híbrido Enchufable TAN;Híbrido Enchufable TAN;;57.190.000;58.190.000;1.000.000;;;;;01-12-2025;;;;
;;Mazda;CX-60;SIGNATURE 2.5 Híbrido Enchufable TAN;Híbrido Enchufable TAN;;57.090.000;58.090.000;1.000.000;;;;;01-01-2026;;;;
;;Mazda;CX-60;SIGNATURE 2.5 Híbrido Enchufable TAN;Híbrido Enchufable TAN;;56.990.000;57.990.000;1.000.000;;;;;01-02-2026;;;;
;;Subaru;OUTBACK;2.5i AWD CVT XS;XS;;31.290.000;32.390.000;1.100.000;;;;;01-01-2025;;;;
;;Subaru;OUTBACK;2.5i AWD CVT XS;XS;;31.390.000;32.490.000;1.100.000;;;;;01-02-2025;;;;
;;Subaru;OUTBACK;2.5i AWD CVT XS;XS;;31.490.000;32.590.000;1.100.000;;;;;01-03-2025;;;;
;;Subaru;OUTBACK;2.5i AWD CVT XS;XS;;31.590.000;32.690.000;1.100.000;;;;;01-04-2025;;;;
;;Subaru;OUTBACK;2.5i AWD CVT XS;XS;;31.690.000;32.790.000;1.100.000;;;;;01-05-2025;;;;
;;Subaru;OUTBACK;2.5i AWD CVT XS;XS;;31.790.000;32.890.000;1.100.000;;;;;01-06-2025;;;;
;;Subaru;OUTBACK;2.5i AWD CVT XS;XS;;31.890.000;32.990.000;1.100.000;;;;;01-07-2025;;;;
;;Subaru;OUTBACK;2.5i AWD CVT XS;XS;;31.790.000;32.890.000;1.100.000;;;;;01-08-2025;;;;
;;Subaru;OUTBACK;2.5i AWD CVT XS;XS;;31.690.000;32.790.000;1.100.000;;;;;01-09-2025;;;;
;;Subaru;OUTBACK;2.5i AWD CVT XS;XS;;31.490.000;32.590.000;1.100.000;;;;;01-10-2025;;;;
;;Subaru;OUTBACK;2.5i AWD CVT XS;XS;;31.290.000;32.390.000;1.100.000;;;;;01-11-2025;;;;
;;Subaru;OUTBACK;2.5i AWD CVT XS;XS;;31.090.000;32.190.000;1.100.000;;;;;01-12-2025;;;;
;;Subaru;OUTBACK;2.5i AWD CVT XS;XS;;30.990.000;32.090.000;1.100.000;;;;;01-01-2026;;;;
;;Subaru;OUTBACK;2.5i AWD CVT XS;XS;;30.890.000;31.990.000;1.100.000;;;;;01-02-2026;;;;
;;Subaru;OUTBACK;2.5i AWD CVT DINAMIC;DINAMIC;;35.390.000;35.890.000;500.000;;;;;01-01-2025;;;;
;;Subaru;OUTBACK;2.5i AWD CVT DINAMIC;DINAMIC;;35.490.000;35.990.000;500.000;;;;;01-02-2025;;;;
;;Subaru;OUTBACK;2.5i AWD CVT DINAMIC;DINAMIC;;35.590.000;36.090.000;500.000;;;;;01-03-2025;;;;
;;Subaru;OUTBACK;2.5i AWD CVT DINAMIC;DINAMIC;;35.690.000;36.190.000;500.000;;;;;01-04-2025;;;;
;;Subaru;OUTBACK;2.5i AWD CVT DINAMIC;DINAMIC;;35.790.000;36.290.000;500.000;;;;;01-05-2025;;;;
;;Subaru;OUTBACK;2.5i AWD CVT DINAMIC;DINAMIC;;35.890.000;36.390.000;500.000;;;;;01-06-2025;;;;
;;Subaru;OUTBACK;2.5i AWD CVT DINAMIC;DINAMIC;;35.990.000;36.490.000;500.000;;;;;01-07-2025;;;;
;;Subaru;OUTBACK;2.5i AWD CVT DINAMIC;DINAMIC;;35.890.000;36.390.000;500.000;;;;;01-08-2025;;;;
;;Subaru;OUTBACK;2.5i AWD CVT DINAMIC;DINAMIC;;35.790.000;36.290.000;500.000;;;;;01-09-2025;;;;
;;Subaru;OUTBACK;2.5i AWD CVT DINAMIC;DINAMIC;;35.590.000;36.090.000;500.000;;;;;01-10-2025;;;;
;;Subaru;OUTBACK;2.5i AWD CVT DINAMIC;DINAMIC;;35.390.000;35.890.000;500.000;;;;;01-11-2025;;;;
;;Subaru;OUTBACK;2.5i AWD CVT DINAMIC;DINAMIC;;35.190.000;35.690.000;500.000;;;;;01-12-2025;;;;
;;Subaru;OUTBACK;2.5i AWD CVT DINAMIC;DINAMIC;;35.090.000;35.590.000;500.000;;;;;01-01-2026;;;;
;;Subaru;OUTBACK;2.5i AWD CVT DINAMIC;DINAMIC;;34.990.000;35.490.000;500.000;;;;;01-02-2026;;;;
;;Subaru;OUTBACK;2.5i AWD CVT FIELD EDITION;FIELD EDITION;;37.190.000;37.890.000;700.000;;;;;01-01-2025;;;;
;;Subaru;OUTBACK;2.5i AWD CVT FIELD EDITION;FIELD EDITION;;37.290.000;37.990.000;700.000;;;;;01-02-2025;;;;
;;Subaru;OUTBACK;2.5i AWD CVT FIELD EDITION;FIELD EDITION;;37.390.000;38.090.000;700.000;;;;;01-03-2025;;;;
;;Subaru;OUTBACK;2.5i AWD CVT FIELD EDITION;FIELD EDITION;;37.490.000;38.190.000;700.000;;;;;01-04-2025;;;;
;;Subaru;OUTBACK;2.5i AWD CVT FIELD EDITION;FIELD EDITION;;37.590.000;38.290.000;700.000;;;;;01-05-2025;;;;
;;Subaru;OUTBACK;2.5i AWD CVT FIELD EDITION;FIELD EDITION;;37.690.000;38.390.000;700.000;;;;;01-06-2025;;;;
;;Subaru;OUTBACK;2.5i AWD CVT FIELD EDITION;FIELD EDITION;;37.790.000;38.490.000;700.000;;;;;01-07-2025;;;;
;;Subaru;OUTBACK;2.5i AWD CVT FIELD EDITION;FIELD EDITION;;37.690.000;38.390.000;700.000;;;;;01-08-2025;;;;
;;Subaru;OUTBACK;2.5i AWD CVT FIELD EDITION;FIELD EDITION;;37.590.000;38.290.000;700.000;;;;;01-09-2025;;;;
;;Subaru;OUTBACK;2.5i AWD CVT FIELD EDITION;FIELD EDITION;;37.390.000;38.090.000;700.000;;;;;01-10-2025;;;;
;;Subaru;OUTBACK;2.5i AWD CVT FIELD EDITION;FIELD EDITION;;37.190.000;37.890.000;700.000;;;;;01-11-2025;;;;
;;Subaru;OUTBACK;2.5i AWD CVT FIELD EDITION;FIELD EDITION;;36.990.000;37.690.000;700.000;;;;;01-12-2025;;;;
;;Subaru;OUTBACK;2.5i AWD CVT FIELD EDITION;FIELD EDITION;;36.890.000;37.590.000;700.000;;;;;01-01-2026;;;;
;;Subaru;OUTBACK;2.5i AWD CVT FIELD EDITION;FIELD EDITION;;36.790.000;37.490.000;700.000;;;;;01-02-2026;;;;
;;Subaru;OUTBACK;2.5i AWD CVT TOURING GARDX;TOURING GARDX;;39.390.000;39.890.000;500.000;;;;;01-01-2025;;;;
;;Subaru;OUTBACK;2.5i AWD CVT TOURING GARDX;TOURING GARDX;;39.490.000;39.990.000;500.000;;;;;01-02-2025;;;;
;;Subaru;OUTBACK;2.5i AWD CVT TOURING GARDX;TOURING GARDX;;39.590.000;40.090.000;500.000;;;;;01-03-2025;;;;
;;Subaru;OUTBACK;2.5i AWD CVT TOURING GARDX;TOURING GARDX;;39.690.000;40.190.000;500.000;;;;;01-04-2025;;;;
;;Subaru;OUTBACK;2.5i AWD CVT TOURING GARDX;TOURING GARDX;;39.790.000;40.290.000;500.000;;;;;01-05-2025;;;;
;;Subaru;OUTBACK;2.5i AWD CVT TOURING GARDX;TOURING GARDX;;39.890.000;40.390.000;500.000;;;;;01-06-2025;;;;
;;Subaru;OUTBACK;2.5i AWD CVT TOURING GARDX;TOURING GARDX;;39.990.000;40.490.000;500.000;;;;;01-07-2025;;;;
;;Subaru;OUTBACK;2.5i AWD CVT TOURING GARDX;TOURING GARDX;;39.890.000;40.390.000;500.000;;;;;01-08-2025;;;;
;;Subaru;OUTBACK;2.5i AWD CVT TOURING GARDX;TOURING GARDX;;39.790.000;40.290.000;500.000;;;;;01-09-2025;;;;
;;Subaru;OUTBACK;2.5i AWD CVT TOURING GARDX;TOURING GARDX;;39.590.000;40.090.000;500.000;;;;;01-10-2025;;;;
;;Subaru;OUTBACK;2.5i AWD CVT TOURING GARDX;TOURING GARDX;;39.390.000;39.890.000;500.000;;;;;01-11-2025;;;;
;;Subaru;OUTBACK;2.5i AWD CVT TOURING GARDX;TOURING GARDX;;39.190.000;39.690.000;500.000;;;;;01-12-2025;;;;
;;Subaru;OUTBACK;2.5i AWD CVT TOURING GARDX;TOURING GARDX;;39.090.000;39.590.000;500.000;;;;;01-01-2026;;;;
;;Subaru;OUTBACK;2.5i AWD CVT TOURING GARDX;TOURING GARDX;;38.990.000;39.490.000;500.000;;;;;01-02-2026;;;;
;;Subaru;OUTBACK;2.4T AWD CVT FIELD EDITION;FIELD EDITION;;39.990.000;41.490.000;1.500.000;;;;;01-01-2025;;;;
;;Subaru;OUTBACK;2.4T AWD CVT FIELD EDITION;FIELD EDITION;;40.090.000;41.590.000;1.500.000;;;;;01-02-2025;;;;
;;Subaru;OUTBACK;2.4T AWD CVT FIELD EDITION;FIELD EDITION;;40.190.000;41.690.000;1.500.000;;;;;01-03-2025;;;;
;;Subaru;OUTBACK;2.4T AWD CVT FIELD EDITION;FIELD EDITION;;40.290.000;41.790.000;1.500.000;;;;;01-04-2025;;;;
;;Subaru;OUTBACK;2.4T AWD CVT FIELD EDITION;FIELD EDITION;;40.390.000;41.890.000;1.500.000;;;;;01-05-2025;;;;
;;Subaru;OUTBACK;2.4T AWD CVT FIELD EDITION;FIELD EDITION;;40.490.000;41.990.000;1.500.000;;;;;01-06-2025;;;;
;;Subaru;OUTBACK;2.4T AWD CVT FIELD EDITION;FIELD EDITION;;40.590.000;42.090.000;1.500.000;;;;;01-07-2025;;;;
;;Subaru;OUTBACK;2.4T AWD CVT FIELD EDITION;FIELD EDITION;;40.490.000;41.990.000;1.500.000;;;;;01-08-2025;;;;
;;Subaru;OUTBACK;2.4T AWD CVT FIELD EDITION;FIELD EDITION;;40.390.000;41.890.000;1.500.000;;;;;01-09-2025;;;;
;;Subaru;OUTBACK;2.4T AWD CVT FIELD EDITION;FIELD EDITION;;40.190.000;41.690.000;1.500.000;;;;;01-10-2025;;;;
;;Subaru;OUTBACK;2.4T AWD CVT FIELD EDITION;FIELD EDITION;;39.990.000;41.490.000;1.500.000;;;;;01-11-2025;;;;
;;Subaru;OUTBACK;2.4T AWD CVT FIELD EDITION;FIELD EDITION;;39.790.000;41.290.000;1.500.000;;;;;01-12-2025;;;;
;;Subaru;OUTBACK;2.4T AWD CVT FIELD EDITION;FIELD EDITION;;39.590.000;41.090.000;1.500.000;;;;;01-01-2026;;;;
;;Subaru;OUTBACK;2.4T AWD CVT FIELD EDITION;FIELD EDITION;;39.490.000;40.990.000;1.500.000;;;;;01-02-2026;;;;
;;Subaru;OUTBACK;2.4T AWD CVT TOURING GARDX;TOURING GARDX;;42.190.000;43.490.000;1.300.000;;;;;01-01-2025;;;;
;;Subaru;OUTBACK;2.4T AWD CVT TOURING GARDX;TOURING GARDX;;42.290.000;43.590.000;1.300.000;;;;;01-02-2025;;;;
;;Subaru;OUTBACK;2.4T AWD CVT TOURING GARDX;TOURING GARDX;;42.390.000;43.690.000;1.300.000;;;;;01-03-2025;;;;
;;Subaru;OUTBACK;2.4T AWD CVT TOURING GARDX;TOURING GARDX;;42.490.000;43.790.000;1.300.000;;;;;01-04-2025;;;;
;;Subaru;OUTBACK;2.4T AWD CVT TOURING GARDX;TOURING GARDX;;42.590.000;43.890.000;1.300.000;;;;;01-05-2025;;;;
;;Subaru;OUTBACK;2.4T AWD CVT TOURING GARDX;TOURING GARDX;;42.690.000;43.990.000;1.300.000;;;;;01-06-2025;;;;
;;Subaru;OUTBACK;2.4T AWD CVT TOURING GARDX;TOURING GARDX;;42.790.000;44.090.000;1.300.000;;;;;01-07-2025;;;;
;;Subaru;OUTBACK;2.4T AWD CVT TOURING GARDX;TOURING GARDX;;42.690.000;43.990.000;1.300.000;;;;;01-08-2025;;;;
;;Subaru;OUTBACK;2.4T AWD CVT TOURING GARDX;TOURING GARDX;;42.590.000;43.890.000;1.300.000;;;;;01-09-2025;;;;
;;Subaru;OUTBACK;2.4T AWD CVT TOURING GARDX;TOURING GARDX;;42.390.000;43.690.000;1.300.000;;;;;01-10-2025;;;;
;;Subaru;OUTBACK;2.4T AWD CVT TOURING GARDX;TOURING GARDX;;42.190.000;43.490.000;1.300.000;;;;;01-11-2025;;;;
;;Subaru;OUTBACK;2.4T AWD CVT TOURING GARDX;TOURING GARDX;;41.990.000;43.290.000;1.300.000;;;;;01-12-2025;;;;
;;Subaru;OUTBACK;2.4T AWD CVT TOURING GARDX;TOURING GARDX;;41.790.000;43.090.000;1.300.000;;;;;01-01-2026;;;;
;;Subaru;OUTBACK;2.4T AWD CVT TOURING GARDX;TOURING GARDX;;41.690.000;42.990.000;1.300.000;;;;;01-02-2026;;;;
;;Hyundai;SANTA FE;MX5 2.5 AT 4WD PREMIUM;PREMIUM;;40.790.000;45.190.000;4.400.000;;;;;01-01-2025;;;;
;;Hyundai;SANTA FE;MX5 2.5 AT 4WD PREMIUM;PREMIUM;;40.690.000;45.090.000;4.400.000;;;;;01-02-2025;;;;
;;Hyundai;SANTA FE;MX5 2.5 AT 4WD PREMIUM;PREMIUM;;40.590.000;44.990.000;4.400.000;;;;;01-03-2025;;;;
;;Hyundai;SANTA FE;MX5 2.5 AT 4WD PREMIUM;PREMIUM;;40.490.000;44.890.000;4.400.000;;;;;01-04-2025;;;;
;;Hyundai;SANTA FE;MX5 2.5 AT 4WD PREMIUM;PREMIUM;;40.390.000;44.790.000;4.400.000;;;;;01-05-2025;;;;
;;Hyundai;SANTA FE;MX5 2.5 AT 4WD PREMIUM;PREMIUM;;40.290.000;44.690.000;4.400.000;;;;;01-06-2025;;;;
;;Hyundai;SANTA FE;MX5 2.5 AT 4WD PREMIUM;PREMIUM;;40.190.000;44.590.000;4.400.000;;;;;01-07-2025;;;;
;;Hyundai;SANTA FE;MX5 2.5 AT 4WD PREMIUM;PREMIUM;;40.090.000;44.490.000;4.400.000;;;;;01-08-2025;;;;
;;Hyundai;SANTA FE;MX5 2.5 AT 4WD PREMIUM;PREMIUM;;39.990.000;44.390.000;4.400.000;;;;;01-09-2025;;;;
;;Hyundai;SANTA FE;MX5 2.5 AT 4WD PREMIUM;PREMIUM;;39.890.000;44.290.000;4.400.000;;;;;01-10-2025;;;;
;;Hyundai;SANTA FE;MX5 2.5 AT 4WD PREMIUM;PREMIUM;;39.790.000;44.190.000;4.400.000;;;;;01-11-2025;;;;
;;Hyundai;SANTA FE;MX5 2.5 AT 4WD PREMIUM;PREMIUM;;39.690.000;44.090.000;4.400.000;;;;;01-12-2025;;;;
;;Hyundai;SANTA FE;MX5 2.5 AT 4WD PREMIUM;PREMIUM;;39.690.000;44.090.000;4.400.000;;;;;01-01-2026;;;;
;;Hyundai;SANTA FE;MX5 2.5 AT 4WD PREMIUM;PREMIUM;;39.690.000;44.090.000;4.400.000;;;;;01-02-2026;;;;
;;Hyundai;SANTA FE;MX5 2.5T AT 4WD CALLIGRAPHY;CALLIGRAPHY;;50.790.000;56.190.000;5.400.000;;;;;01-01-2025;;;;
;;Hyundai;SANTA FE;MX5 2.5T AT 4WD CALLIGRAPHY;CALLIGRAPHY;;50.690.000;56.090.000;5.400.000;;;;;01-02-2025;;;;
;;Hyundai;SANTA FE;MX5 2.5T AT 4WD CALLIGRAPHY;CALLIGRAPHY;;50.590.000;55.990.000;5.400.000;;;;;01-03-2025;;;;
;;Hyundai;SANTA FE;MX5 2.5T AT 4WD CALLIGRAPHY;CALLIGRAPHY;;50.490.000;55.890.000;5.400.000;;;;;01-04-2025;;;;
;;Hyundai;SANTA FE;MX5 2.5T AT 4WD CALLIGRAPHY;CALLIGRAPHY;;50.390.000;55.790.000;5.400.000;;;;;01-05-2025;;;;
;;Hyundai;SANTA FE;MX5 2.5T AT 4WD CALLIGRAPHY;CALLIGRAPHY;;50.290.000;55.690.000;5.400.000;;;;;01-06-2025;;;;
;;Hyundai;SANTA FE;MX5 2.5T AT 4WD CALLIGRAPHY;CALLIGRAPHY;;50.190.000;55.590.000;5.400.000;;;;;01-07-2025;;;;
;;Hyundai;SANTA FE;MX5 2.5T AT 4WD CALLIGRAPHY;CALLIGRAPHY;;50.090.000;55.490.000;5.400.000;;;;;01-08-2025;;;;
;;Hyundai;SANTA FE;MX5 2.5T AT 4WD CALLIGRAPHY;CALLIGRAPHY;;49.990.000;55.390.000;5.400.000;;;;;01-09-2025;;;;
;;Hyundai;SANTA FE;MX5 2.5T AT 4WD CALLIGRAPHY;CALLIGRAPHY;;49.890.000;55.290.000;5.400.000;;;;;01-10-2025;;;;
;;Hyundai;SANTA FE;MX5 2.5T AT 4WD CALLIGRAPHY;CALLIGRAPHY;;49.790.000;55.190.000;5.400.000;;;;;01-11-2025;;;;
;;Hyundai;SANTA FE;MX5 2.5T AT 4WD CALLIGRAPHY;CALLIGRAPHY;;49.690.000;55.090.000;5.400.000;;;;;01-12-2025;;;;
;;Hyundai;SANTA FE;MX5 2.5T AT 4WD CALLIGRAPHY;CALLIGRAPHY;;49.690.000;55.090.000;5.400.000;;;;;01-01-2026;;;;
;;Hyundai;SANTA FE;MX5 2.5T AT 4WD CALLIGRAPHY;CALLIGRAPHY;;49.690.000;55.090.000;5.400.000;;;;;01-02-2026;;;;
;;Toyota;FORTUNER;NEW SRX 4x4 AT 2.8L Diesel DCM;AT;;49.090.000;52.190.000;3.100.000;;;;;01-01-2025;;;;
;;Toyota;FORTUNER;NEW SRX 4x4 AT 2.8L Diesel DCM;AT;;48.990.000;52.090.000;3.100.000;;;;;01-02-2025;;;;
;;Toyota;FORTUNER;NEW SRX 4x4 AT 2.8L Diesel DCM;AT;;48.890.000;51.990.000;3.100.000;;;;;01-03-2025;;;;
;;Toyota;FORTUNER;NEW SRX 4x4 AT 2.8L Diesel DCM;AT;;48.790.000;51.890.000;3.100.000;;;;;01-04-2025;;;;
;;Toyota;FORTUNER;NEW SRX 4x4 AT 2.8L Diesel DCM;AT;;48.690.000;51.790.000;3.100.000;;;;;01-05-2025;;;;
;;Toyota;FORTUNER;NEW SRX 4x4 AT 2.8L Diesel DCM;AT;;48.590.000;51.690.000;3.100.000;;;;;01-06-2025;;;;
;;Toyota;FORTUNER;NEW SRX 4x4 AT 2.8L Diesel DCM;AT;;48.490.000;51.590.000;3.100.000;;;;;01-07-2025;;;;
;;Toyota;FORTUNER;NEW SRX 4x4 AT 2.8L Diesel DCM;AT;;48.390.000;51.490.000;3.100.000;;;;;01-08-2025;;;;
;;Toyota;FORTUNER;NEW SRX 4x4 AT 2.8L Diesel DCM;AT;;48.290.000;51.390.000;3.100.000;;;;;01-09-2025;;;;
;;Toyota;FORTUNER;NEW SRX 4x4 AT 2.8L Diesel DCM;AT;;48.190.000;51.290.000;3.100.000;;;;;01-10-2025;;;;
;;Toyota;FORTUNER;NEW SRX 4x4 AT 2.8L Diesel DCM;AT;;48.090.000;51.190.000;3.100.000;;;;;01-11-2025;;;;
;;Toyota;FORTUNER;NEW SRX 4x4 AT 2.8L Diesel DCM;AT;;47.990.000;51.090.000;3.100.000;;;;;01-12-2025;;;;
;;Toyota;FORTUNER;NEW SRX 4x4 AT 2.8L Diesel DCM;AT;;47.990.000;51.090.000;3.100.000;;;;;01-01-2026;;;;
;;Toyota;FORTUNER;NEW SRX 4x4 AT 2.8L Diesel DCM;AT;;47.990.000;51.090.000;3.100.000;;;;;01-02-2026;;;;
;;Kia;SORENTO;EX 2.5L GSL 6AT 2WD;2WD;;37.090.000;38.090.000;1.000.000;;;;;01-01-2025;;;;
;;Kia;SORENTO;EX 2.5L GSL 6AT 2WD;2WD;;36.990.000;37.990.000;1.000.000;;;;;01-02-2025;;;;
;;Kia;SORENTO;EX 2.5L GSL 6AT 2WD;2WD;;36.890.000;37.890.000;1.000.000;;;;;01-03-2025;;;;
;;Kia;SORENTO;EX 2.5L GSL 6AT 2WD;2WD;;36.790.000;37.790.000;1.000.000;;;;;01-04-2025;;;;
;;Kia;SORENTO;EX 2.5L GSL 6AT 2WD;2WD;;36.690.000;37.690.000;1.000.000;;;;;01-05-2025;;;;
;;Kia;SORENTO;EX 2.5L GSL 6AT 2WD;2WD;;36.590.000;37.590.000;1.000.000;;;;;01-06-2025;;;;
;;Kia;SORENTO;EX 2.5L GSL 6AT 2WD;2WD;;36.490.000;37.490.000;1.000.000;;;;;01-07-2025;;;;
;;Kia;SORENTO;EX 2.5L GSL 6AT 2WD;2WD;;36.390.000;37.390.000;1.000.000;;;;;01-08-2025;;;;
;;Kia;SORENTO;EX 2.5L GSL 6AT 2WD;2WD;;36.290.000;37.290.000;1.000.000;;;;;01-09-2025;;;;
;;Kia;SORENTO;EX 2.5L GSL 6AT 2WD;2WD;;36.190.000;37.190.000;1.000.000;;;;;01-10-2025;;;;
;;Kia;SORENTO;EX 2.5L GSL 6AT 2WD;2WD;;36.090.000;37.090.000;1.000.000;;;;;01-11-2025;;;;
;;Kia;SORENTO;EX 2.5L GSL 6AT 2WD;2WD;;35.990.000;36.990.000;1.000.000;;;;;01-12-2025;;;;
;;Kia;SORENTO;EX 2.5L GSL 6AT 2WD;2WD;;35.990.000;36.990.000;1.000.000;;;;;01-01-2026;;;;
;;Kia;SORENTO;EX 2.5L GSL 6AT 2WD;2WD;;35.990.000;36.990.000;1.000.000;;;;;01-02-2026;;;;
;;Kia;SORENTO;EX 2.5L GSL 6AT AWD;AWD;;40.090.000;40.090.000;0;;;;;01-01-2025;;;;
;;Kia;SORENTO;EX 2.5L GSL 6AT AWD;AWD;;39.990.000;39.990.000;0;;;;;01-02-2025;;;;
;;Kia;SORENTO;EX 2.5L GSL 6AT AWD;AWD;;39.890.000;39.890.000;0;;;;;01-03-2025;;;;
;;Kia;SORENTO;EX 2.5L GSL 6AT AWD;AWD;;39.790.000;39.790.000;0;;;;;01-04-2025;;;;
;;Kia;SORENTO;EX 2.5L GSL 6AT AWD;AWD;;39.690.000;39.690.000;0;;;;;01-05-2025;;;;
;;Kia;SORENTO;EX 2.5L GSL 6AT AWD;AWD;;39.590.000;39.590.000;0;;;;;01-06-2025;;;;
;;Kia;SORENTO;EX 2.5L GSL 6AT AWD;AWD;;39.490.000;39.490.000;0;;;;;01-07-2025;;;;
;;Kia;SORENTO;EX 2.5L GSL 6AT AWD;AWD;;39.390.000;39.390.000;0;;;;;01-08-2025;;;;
;;Kia;SORENTO;EX 2.5L GSL 6AT AWD;AWD;;39.290.000;39.290.000;0;;;;;01-09-2025;;;;
;;Kia;SORENTO;EX 2.5L GSL 6AT AWD;AWD;;39.190.000;39.190.000;0;;;;;01-10-2025;;;;
;;Kia;SORENTO;EX 2.5L GSL 6AT AWD;AWD;;39.090.000;39.090.000;0;;;;;01-11-2025;;;;
;;Kia;SORENTO;EX 2.5L GSL 6AT AWD;AWD;;38.990.000;38.990.000;0;;;;;01-12-2025;;;;
;;Kia;SORENTO;EX 2.5L GSL 6AT AWD;AWD;;38.990.000;38.990.000;0;;;;;01-01-2026;;;;
;;Kia;SORENTO;EX 2.5L GSL 6AT AWD;AWD;;38.990.000;38.990.000;0;;;;;01-02-2026;;;;
;;Kia;SORENTO;EX 2.2L DSL 8DCT 2WD;2WD;;41.090.000;43.090.000;2.000.000;;;;;01-01-2025;;;;
;;Kia;SORENTO;EX 2.2L DSL 8DCT 2WD;2WD;;40.990.000;42.990.000;2.000.000;;;;;01-02-2025;;;;
;;Kia;SORENTO;EX 2.2L DSL 8DCT 2WD;2WD;;40.890.000;42.890.000;2.000.000;;;;;01-03-2025;;;;
;;Kia;SORENTO;EX 2.2L DSL 8DCT 2WD;2WD;;40.790.000;42.790.000;2.000.000;;;;;01-04-2025;;;;
;;Kia;SORENTO;EX 2.2L DSL 8DCT 2WD;2WD;;40.690.000;42.690.000;2.000.000;;;;;01-05-2025;;;;
;;Kia;SORENTO;EX 2.2L DSL 8DCT 2WD;2WD;;40.590.000;42.590.000;2.000.000;;;;;01-06-2025;;;;
;;Kia;SORENTO;EX 2.2L DSL 8DCT 2WD;2WD;;40.490.000;42.490.000;2.000.000;;;;;01-07-2025;;;;
;;Kia;SORENTO;EX 2.2L DSL 8DCT 2WD;2WD;;40.390.000;42.390.000;2.000.000;;;;;01-08-2025;;;;
;;Kia;SORENTO;EX 2.2L DSL 8DCT 2WD;2WD;;40.290.000;42.290.000;2.000.000;;;;;01-09-2025;;;;
;;Kia;SORENTO;EX 2.2L DSL 8DCT 2WD;2WD;;40.190.000;42.190.000;2.000.000;;;;;01-10-2025;;;;
;;Kia;SORENTO;EX 2.2L DSL 8DCT 2WD;2WD;;40.090.000;42.090.000;2.000.000;;;;;01-11-2025;;;;
;;Kia;SORENTO;EX 2.2L DSL 8DCT 2WD;2WD;;39.990.000;41.990.000;2.000.000;;;;;01-12-2025;;;;
;;Kia;SORENTO;EX 2.2L DSL 8DCT 2WD;2WD;;39.990.000;41.990.000;2.000.000;;;;;01-01-2026;;;;
;;Kia;SORENTO;EX 2.2L DSL 8DCT 2WD;2WD;;39.990.000;41.990.000;2.000.000;;;;;01-02-2026;;;;
;;Kia;SORENTO;EX 2.2L DSL 8DCT AWD;AWD;;44.090.000;45.090.000;1.000.000;;;;;01-01-2025;;;;
;;Kia;SORENTO;EX 2.2L DSL 8DCT AWD;AWD;;43.990.000;44.990.000;1.000.000;;;;;01-02-2025;;;;
;;Kia;SORENTO;EX 2.2L DSL 8DCT AWD;AWD;;43.890.000;44.890.000;1.000.000;;;;;01-03-2025;;;;
;;Kia;SORENTO;EX 2.2L DSL 8DCT AWD;AWD;;43.790.000;44.790.000;1.000.000;;;;;01-04-2025;;;;
;;Kia;SORENTO;EX 2.2L DSL 8DCT AWD;AWD;;43.690.000;44.690.000;1.000.000;;;;;01-05-2025;;;;
;;Kia;SORENTO;EX 2.2L DSL 8DCT AWD;AWD;;43.590.000;44.590.000;1.000.000;;;;;01-06-2025;;;;
;;Kia;SORENTO;EX 2.2L DSL 8DCT AWD;AWD;;43.490.000;44.490.000;1.000.000;;;;;01-07-2025;;;;
;;Kia;SORENTO;EX 2.2L DSL 8DCT AWD;AWD;;43.390.000;44.390.000;1.000.000;;;;;01-08-2025;;;;
;;Kia;SORENTO;EX 2.2L DSL 8DCT AWD;AWD;;43.290.000;44.290.000;1.000.000;;;;;01-09-2025;;;;
;;Kia;SORENTO;EX 2.2L DSL 8DCT AWD;AWD;;43.190.000;44.190.000;1.000.000;;;;;01-10-2025;;;;
;;Kia;SORENTO;EX 2.2L DSL 8DCT AWD;AWD;;43.090.000;44.090.000;1.000.000;;;;;01-11-2025;;;;
;;Kia;SORENTO;EX 2.2L DSL 8DCT AWD;AWD;;42.990.000;43.990.000;1.000.000;;;;;01-12-2025;;;;
;;Kia;SORENTO;EX 2.2L DSL 8DCT AWD;AWD;;42.990.000;43.990.000;1.000.000;;;;;01-01-2026;;;;
;;Kia;SORENTO;EX 2.2L DSL 8DCT AWD;AWD;;42.990.000;43.990.000;1.000.000;;;;;01-02-2026;;;;
;;Kia;SORENTO;EX 3.5L GSL 8AT AWD FULL;AWD FULL;;47.090.000;48.090.000;1.000.000;;;;;01-01-2025;;;;
;;Kia;SORENTO;EX 3.5L GSL 8AT AWD FULL;AWD FULL;;46.990.000;47.990.000;1.000.000;;;;;01-02-2025;;;;
;;Kia;SORENTO;EX 3.5L GSL 8AT AWD FULL;AWD FULL;;46.890.000;47.890.000;1.000.000;;;;;01-03-2025;;;;
;;Kia;SORENTO;EX 3.5L GSL 8AT AWD FULL;AWD FULL;;46.790.000;47.790.000;1.000.000;;;;;01-04-2025;;;;
;;Kia;SORENTO;EX 3.5L GSL 8AT AWD FULL;AWD FULL;;46.690.000;47.690.000;1.000.000;;;;;01-05-2025;;;;
;;Kia;SORENTO;EX 3.5L GSL 8AT AWD FULL;AWD FULL;;46.590.000;47.590.000;1.000.000;;;;;01-06-2025;;;;
;;Kia;SORENTO;EX 3.5L GSL 8AT AWD FULL;AWD FULL;;46.490.000;47.490.000;1.000.000;;;;;01-07-2025;;;;
;;Kia;SORENTO;EX 3.5L GSL 8AT AWD FULL;AWD FULL;;46.390.000;47.390.000;1.000.000;;;;;01-08-2025;;;;
;;Kia;SORENTO;EX 3.5L GSL 8AT AWD FULL;AWD FULL;;46.290.000;47.290.000;1.000.000;;;;;01-09-2025;;;;
;;Kia;SORENTO;EX 3.5L GSL 8AT AWD FULL;AWD FULL;;46.190.000;47.190.000;1.000.000;;;;;01-10-2025;;;;
;;Kia;SORENTO;EX 3.5L GSL 8AT AWD FULL;AWD FULL;;46.090.000;47.090.000;1.000.000;;;;;01-11-2025;;;;
;;Kia;SORENTO;EX 3.5L GSL 8AT AWD FULL;AWD FULL;;45.990.000;46.990.000;1.000.000;;;;;01-12-2025;;;;
;;Kia;SORENTO;EX 3.5L GSL 8AT AWD FULL;AWD FULL;;45.990.000;46.990.000;1.000.000;;;;;01-01-2026;;;;
;;Kia;SORENTO;EX 3.5L GSL 8AT AWD FULL;AWD FULL;;45.990.000;46.990.000;1.000.000;;;;;01-02-2026;;;;
;;Kia;SORENTO;EX 2.2L DSL 8DCT AWD FULL;AWD FULL;;51.090.000;53.090.000;2.000.000;;;;;01-01-2025;;;;
;;Kia;SORENTO;EX 2.2L DSL 8DCT AWD FULL;AWD FULL;;50.990.000;52.990.000;2.000.000;;;;;01-02-2025;;;;
;;Kia;SORENTO;EX 2.2L DSL 8DCT AWD FULL;AWD FULL;;50.890.000;52.890.000;2.000.000;;;;;01-03-2025;;;;
;;Kia;SORENTO;EX 2.2L DSL 8DCT AWD FULL;AWD FULL;;50.790.000;52.790.000;2.000.000;;;;;01-04-2025;;;;
;;Kia;SORENTO;EX 2.2L DSL 8DCT AWD FULL;AWD FULL;;50.690.000;52.690.000;2.000.000;;;;;01-05-2025;;;;
;;Kia;SORENTO;EX 2.2L DSL 8DCT AWD FULL;AWD FULL;;50.590.000;52.590.000;2.000.000;;;;;01-06-2025;;;;
;;Kia;SORENTO;EX 2.2L DSL 8DCT AWD FULL;AWD FULL;;50.490.000;52.490.000;2.000.000;;;;;01-07-2025;;;;
;;Kia;SORENTO;EX 2.2L DSL 8DCT AWD FULL;AWD FULL;;50.390.000;52.390.000;2.000.000;;;;;01-08-2025;;;;
;;Kia;SORENTO;EX 2.2L DSL 8DCT AWD FULL;AWD FULL;;50.290.000;52.290.000;2.000.000;;;;;01-09-2025;;;;
;;Kia;SORENTO;EX 2.2L DSL 8DCT AWD FULL;AWD FULL;;50.190.000;52.190.000;2.000.000;;;;;01-10-2025;;;;
;;Kia;SORENTO;EX 2.2L DSL 8DCT AWD FULL;AWD FULL;;50.090.000;52.090.000;2.000.000;;;;;01-11-2025;;;;
;;Kia;SORENTO;EX 2.2L DSL 8DCT AWD FULL;AWD FULL;;49.990.000;51.990.000;2.000.000;;;;;01-12-2025;;;;
;;Kia;SORENTO;EX 2.2L DSL 8DCT AWD FULL;AWD FULL;;49.990.000;51.990.000;2.000.000;;;;;01-01-2026;;;;
;;Kia;SORENTO;EX 2.2L DSL 8DCT AWD FULL;AWD FULL;;49.990.000;51.990.000;2.000.000;;;;;01-02-2026;;;;
